Workbook
Name Slicer_Sector: #N/A

Sheet Solution 2
B3: Values
A4: Year | B4: Average of Sum of food expenses | C4: Average of Fuel and light | D4: Average of Health
A5: 2021 | B5: 2315.0639 | C5: 158.70833 | D5: 165.13333
A6: 2022 | B6: 2442.1917 | C6: 174.96944 | D6: 175.35278
A7: Grand Total | B7: 2378.6278 | C7: 166.83889 | D7: 170.24306
A18: Year | B18: Total | C18: % inflation
A19: 2017 | B19: 133.38611
A20: 2018 | B20: 138.66944 | C20: =(B20-B19)/B19 -> 0.039609321
A21: 2019 | B21: 144.12727 | C21: =(B21-B20)/B20 -> 0.03935855
A22: 2020 | B22: 153.33 | C22: =(B22-B21)/B21 -> 0.063851394
A23: 2021 | B23: 161.41667 | C23: =(B23-B22)/B22 -> 0.052740277
A24: 2022 | B24: 172.075 | C24: =(B24-B23)/B23 -> 0.066029943
A25: 2023 | B25: 177.57333 | C25: =(B25-B24)/B24 -> 0.031953121
F42: 2015

Sheet Consumer price index
A1: Sector | B1: Year | C1: Month | D1: Short Date | E1: Cereals and products | F1: Meat and fish | G1: Egg | H1: Milk and products | I1: Oils and fats | J1: Fruits | K1: Vegetables | L1: Pulses and products | M1: Sugar and Confectionery | N1: Spices | O1: Non-alcoholic beverages | P1: Prepared meals, snacks, sweets etc. | Q1: Food and beverages | R1: Pan, tobacco and intoxicants | S1: Clothing | T1: Footwear | U1: Clothing and footwear | V1: Housing | W1: Fuel and light | X1: Household goods and services | Y1: Health | Z1: Transport and communication | AA1: Recreation and amusement | AB1: Education | AC1: Personal care and effects | AD1: Miscellaneous | AE1: General index | AF1: Average food expense | AG1: Average Housing Expense | AH1: Average Other Expenses | AI1: Sum of food expenses | AJ1: Sum of Housing Exp | AK1: Sum of clothing | AL1: Sum of others | AM1: Total Expenses
A2: Rural | B2: 2013 | C2: January | D2: =TEXT(DATE(B2, MONTH(1&C2), 1), "mmm-yy") -> Jan-13 | E2: 107.5 | F2: 106.3 | G2: 108.1 | H2: 104.9 | I2: 106.1 | J2: 103.9 | K2: 101.9 | L2: 106.1 | M2: 106.8 | N2: 103.1 | O2: 104.8 | P2: 106.7 | Q2: 105.5 | R2: 105.1 | S2: 106.5 | T2: 105.8 | U2: 106.4 | V2: ='Handle Missing Value Sheet only'!$F$5 -> 139.27097 | W2: 105.5 | X2: 104.8 | Y2: 104 | Z2: 103.3 | AA2: 103.4 | AB2: 103.8 | AC2: 104.7 | AD2: 104 | AE2: 105.1 | AF2: =AVERAGE(All_India_Index_Upto_April23__1___1[[#This Row],[Cereals and products]:[Pan, tobacco and intoxicants]]) -> 105.48571 | AG2: =AVERAGE(All_India_Index_Upto_April23__1___1[[#This Row],[Household goods and services]],All_India_Index_Upto_April23__1___1[[#This Row],[Housing]]) -> 122.03548 | AH2: =AVERAGE(All_India_Index_Upto_April23__1___1[[#This Row],[Miscellaneous]],All_India_Index_Upto_April23__1___1[[#This Row],[Personal care and effects]],All_India_Index_Upto_April23__1___1[[#This Row],[Education]],All_India_Index_Upto_April23__1___1[[#This Row],[Recreation and amusement]]) -> 103.975 | AI2: =SUM(All_India_Index_Upto_April23__1___1[[#This Row],[Cereals and products]:[Pan, tobacco and intoxicants]]) -> 1476.8 | AJ2: =SUM(All_India_Index_Upto_April23__1___1[[#This Row],[Household goods and services]],All_India_Index_Upto_April23__1___1[[#This Row],[Housing]]) -> 244.07097 | AK2: =All_India_Index_Upto_April23__1___1[[#This Row],[Clothing]]+All_India_Index_Upto_April23__1___1[[#This Row],[Footwear]] -> 212.3 | AL2: =All_India_Index_Upto_April23__1___1[[#This Row],[Miscellaneous]]+All_India_Index_Upto_April23__1___1[[#This Row],[Personal care and effects]]+All_India_Index_Upto_April23__1___1[[#This Row],[Education]]+All_India_Index_Upto_April23__1___1[[#This Row],[Recreation and amusement]] -> 415.9 | AM2: =SUM(All_India_Index_Upto_April23__1___1[[#This Row],[Sum of others]],All_India_Index_Upto_April23__1___1[[#This Row],[Sum of clothing]],All_India_Index_Upto_April23__1___1[[#This Row],[Sum of Housing Exp]],All_India_Index_Upto_April23__1___1[[#This Row],[Sum of food expenses]],All_India_Index_Upto_April23__1___1[[#This Row],[Transport and communication]],All_India_Index_Upto_April23__1___1[[#This Row],[Health]],All_India_Index_Upto_April23__1___1[[#This Row],[Fuel and light]]) -> 2661.871
A3: Urban | B3: 2013 | C3: January | D3: =TEXT(DATE(B3, MONTH(1&C3), 1), "mmm-yy") -> Jan-13 | E3: 110.5 | F3: 109.1 | G3: 113 | H3: 103.6 | I3: 103.4 | J3: 102.3 | K3: 102.9 | L3: 105.8 | M3: 105.1 | N3: 101.8 | O3: 105.1 | P3: 107.9 | Q3: 105.9 | R3: 105.2 | S3: 105.9 | T3: 105 | U3: 105.8 | V3: 100.3 | W3: 105.4 | X3: 104.8 | Y3: 104.1 | Z3: 103.2 | AA3: 102.9 | AB3: 103.5 | AC3: 104.3 | AD3: 103.7 | AE3: 104 | AF3: =AVERAGE(All_India_Index_Upto_April23__1___1[[#This Row],[Cereals and products]:[Pan, tobacco and intoxicants]]) -> 105.82857 | AG3: =AVERAGE(All_India_Index_Upto_April23__1___1[[#This Row],[Household goods and services]],All_India_Index_Upto_April23__1___1[[#This Row],[Housing]]) -> 102.55 | AH3: =AVERAGE(All_India_Index_Upto_April23__1___1[[#This Row],[Miscellaneous]],All_India_Index_Upto_April23__1___1[[#This Row],[Personal care and effects]],All_India_Index_Upto_April23__1___1[[#This Row],[Education]],All_India_Index_Upto_April23__1___1[[#This Row],[Recreation and amusement]]) -> 103.6 | AI3: =SUM(All_India_Index_Upto_April23__1___1[[#This Row],[Cereals and products]:[Pan, tobacco and intoxicants]]) -> 1481.6 | AJ3: =SUM(All_India_Index_Upto_April23__1___1[[#This Row],[Household goods and services]],All_India_Index_Upto_April23__1___1[[#This Row],[Housing]]) -> 205.1 | AK3: =All_India_Index_Upto_April23__1___1[[#This Row],[Clothing]]+All_India_Index_Upto_April23__1___1[[#This Row],[Footwear]] -> 210.9 | AL3: =All_India_Index_Upto_April23__1___1[[#This Row],[Miscellaneous]]+All_India_Index_Upto_April23__1___1[[#This Row],[Personal care and effects]]+All_India_Index_Upto_April23__1___1[[#This Row],[Education]]+All_India_Index_Upto_April23__1___1[[#This Row],[Recreation and amusement]] -> 414.4 | AM3: =SUM(All_India_Index_Upto_April23__1___1[[#This Row],[Sum of others]],All_India_Index_Upto_April23__1___1[[#This Row],[Sum of clothing]],All_India_Index_Upto_April23__1___1[[#This Row],[Sum of Housing Exp]],All_India_Index_Upto_April23__1___1[[#This Row],[Sum of food expenses]],All_India_Index_Upto_April23__1___1[[#This Row],[Transport and communication]],All_India_Index_Upto_April23__1___1[[#This Row],[Health]],All_India_Index_Upto_April23__1___1[[#This Row],[Fuel and light]]) -> 2624.7
A4: Rural+Urban | B4: 2013 | C4: January | D4: =TEXT(DATE(B4, MONTH(1&C4), 1), "mmm-yy") -> Jan-13 | E4: 108.4 | F4: 107.3 | G4: 110 | H4: 104.4 | I4: 105.1 | J4: 103.2 | K4: 102.2 | L4: 106 | M4: 106.2 | N4: 102.7 | O4: 104.9 | P4: 107.3 | Q4: 105.6 | R4: 105.1 | S4: 106.3 | T4: 105.5 | U4: 106.2 | V4: 100.3 | W4: 105.5 | X4: 104.8 | Y4: 104 | Z4: 103.2 | AA4: 103.1 | AB4: 103.6 | AC4: 104.5 | AD4: 103.9 | AE4: 104.6 | AF4: =AVERAGE(All_India_Index_Upto_April23__1___1[[#This Row],[Cereals and products]:[Pan, tobacco and intoxicants]]) -> 105.6 | AG4: =AVERAGE(All_India_Index_Upto_April23__1___1[[#This Row],[Household goods and services]],All_India_Index_Upto_April23__1___1[[#This Row],[Housing]]) -> 102.55 | AH4: =AVERAGE(All_India_Index_Upto_April23__1___1[[#This Row],[Miscellaneous]],All_India_Index_Upto_April23__1___1[[#This Row],[Personal care and effects]],All_India_Index_Upto_April23__1___1[[#This Row],[Education]],All_India_Index_Upto_April23__1___1[[#This Row],[Recreation and amusement]]) -> 103.775 | AI4: =SUM(All_India_Index_Upto_April23__1___1[[#This Row],[Cereals and products]:[Pan, tobacco and intoxicants]]) -> 1478.4 | AJ4: =SUM(All_India_Index_Upto_April23__1___1[[#This Row],[Household goods and services]],All_India_Index_Upto_April23__1___1[[#This Row],[Housing]]) -> 205.1 | AK4: =All_India_Index_Upto_April23__1___1[[#This Row],[Clothing]]+All_India_Index_Upto_April23__1___1[[#This Row],[Footwear]] -> 211.8 | AL4: =All_India_Index_Upto_April23__1___1[[#This Row],[Miscellaneous]]+All_India_Index_Upto_April23__1___1[[#This Row],[Personal care and effects]]+All_India_Index_Upto_April23__1___1[[#This Row],[Education]]+All_India_Index_Upto_April23__1___1[[#This Row],[Recreation and amusement]] -> 415.1 | AM4: =SUM(All_India_Index_Upto_April23__1___1[[#This Row],[Sum of others]],All_India_Index_Upto_April23__1___1[[#This Row],[Sum of clothing]],All_India_Index_Upto_April23__1___1[[#This Row],[Sum of Housing Exp]],All_India_Index_Upto_April23__1___1[[#This Row],[Sum of food expenses]],All_India_Index_Upto_April23__1___1[[#This Row],[Transport and communication]],All_India_Index_Upto_April23__1___1[[#This Row],[Health]],All_India_Index_Upto_April23__1___1[[#This Row],[Fuel and light]]) -> 2623.1
A5: Rural | B5: 2013 | C5: February | D5: =TEXT(DATE(B5, MONTH(1&C5), 1), "mmm-yy") -> Feb-13 | E5: 109.2 | F5: 108.7 | G5: 110.2 | H5: 105.4 | I5: 106.7 | J5: 104 | K5: 102.4 | L5: 105.9 | M5: 105.7 | N5: 103.1 | O5: 105.1 | P5: 107.7 | Q5: 106.3 | R5: 105.6 | S5: 107.1 | T5: 106.3 | U5: 107 | V5: ='Handle Missing Value Sheet only'!$F$5 -> 139.27097 | W5: 106.2 | X5: 105.2 | Y5: 104.4 | Z5: 103.9 | AA5: 104 | AB5: 104.1 | AC5: 104.6 | AD5: 104.4 | AE5: 105.8 | AF5: =AVERAGE(All_India_Index_Upto_April23__1___1[[#This Row],[Cereals and products]:[Pan, tobacco and intoxicants]]) -> 106.14286 | AG5: =AVERAGE(All_India_Index_Upto_April23__1___1[[#This Row],[Household goods and services]],All_India_Index_Upto_April23__1___1[[#This Row],[Housing]]) -> 122.23548 | AH5: =AVERAGE(All_India_Index_Upto_April23__1___1[[#This Row],[Miscellaneous]],All_India_Index_Upto_April23__1___1[[#This Row],[Personal care and effects]],All_India_Index_Upto_April23__1___1[[#This Row],[Education]],All_India_Index_Upto_April23__1___1[[#This Row],[Recreation and amusement]]) -> 104.275 | AI5: =SUM(All_India_Index_Upto_April23__1___1[[#This Row],[Cereals and products]:[Pan, tobacco and intoxicants]]) -> 1486 | AJ5: =SUM(All_India_Index_Upto_April23__1___1[[#This Row],[Household goods and services]],All_India_Index_Upto_April23__1___1[[#This Row],[Housing]]) -> 244.47097 | AK5: =All_India_Index_Upto_April23__1___1[[#This Row],[Clothing]]+All_India_Index_Upto_April23__1___1[[#This Row],[Footwear]] -> 213.4 | AL5: =All_India_Index_Upto_April23__1___1[[#This Row],[Miscellaneous]]+All_India_Index_Upto_April23__1___1[[#This Row],[Personal care and effects]]+All_India_Index_Upto_April23__1___1[[#This Row],[Education]]+All_India_Index_Upto_April23__1___1[[#This Row],[Recreation and amusement]] -> 417.1 | AM5: =SUM(All_India_Index_Upto_April23__1___1[[#This Row],[Sum of others]],All_India_Index_Upto_April23__1___1[[#This Row],[Sum of clothing]],All_India_Index_Upto_April23__1___1[[#This Row],[Sum of Housing Exp]],All_India_Index_Upto_April23__1___1[[#This Row],[Sum of food expenses]],All_India_Index_Upto_April23__1___1[[#This Row],[Transport and communication]],All_India_Index_Upto_April23__1___1[[#This Row],[Health]],All_India_Index_Upto_April23__1___1[[#This Row],[Fuel and light]]) -> 2675.471
A6: Urban | B6: 2013 | C6: February | D6: =TEXT(DATE(B6, MONTH(1&C6), 1), "mmm-yy") -> Feb-13 | E6: 112.9 | F6: 112.9 | G6: 116.9 | H6: 104 | I6: 103.5 | J6: 103.1 | K6: 104.9 | L6: 104.1 | M6: 103.8 | N6: 102.3 | O6: 106 | P6: 109 | Q6: 107.2 | R6: 106 | S6: 106.6 | T6: 105.5 | U6: 106.4 | V6: 100.4 | W6: 105.7 | X6: 105.2 | Y6: 104.7 | Z6: 104.4 | AA6: 103.3 | AB6: 103.7 | AC6: 104.3 | AD6: 104.3 | AE6: 104.7 | AF6: =AVERAGE(All_India_Index_Upto_April23__1___1[[#This Row],[Cereals and products]:[Pan, tobacco and intoxicants]]) -> 106.9 | AG6: =AVERAGE(All_India_Index_Upto_April23__1___1[[#This Row],[Household goods and services]],All_India_Index_Upto_April23__1___1[[#This Row],[Housing]]) -> 102.8 | AH6: =AVERAGE(All_India_Index_Upto_April23__1___1[[#This Row],[Miscellaneous]],All_India_Index_Upto_April23__1___1[[#This Row],[Personal care and effects]],All_India_Index_Upto_April23__1___1[[#This Row],[Education]],All_India_Index_Upto_April23__1___1[[#This Row],[Recreation and amusement]]) -> 103.9 | AI6: =SUM(All_India_Index_Upto_April23__1___1[[#This Row],[Cereals and products]:[Pan, tobacco and intoxicants]]) -> 1496.6 | AJ6: =SUM(All_India_Index_Upto_April23__1___1[[#This Row],[Household goods and services]],All_India_Index_Upto_April23__1___1[[#This Row],[Housing]]) -> 205.6 | AK6: =All_India_Index_Upto_April23__1___1[[#This Row],[Clothing]]+All_India_Index_Upto_April23__1___1[[#This Row],[Footwear]] -> 212.1 | AL6: =All_India_Index_Upto_April23__1___1[[#This Row],[Miscellaneous]]+All_India_Index_Upto_April23__1___1[[#This Row],[Personal care and effects]]+All_India_Index_Upto_April23__1___1[[#This Row],[Education]]+All_India_Index_Upto_April23__1___1[[#This Row],[Recreation and amusement]] -> 415.6 | AM6: =SUM(All_India_Index_Upto_April23__1___1[[#This Row],[Sum of others]],All_India_Index_Upto_April23__1___1[[#This Row],[Sum of clothing]],All_India_Index_Upto_April23__1___1[[#This Row],[Sum of Housing Exp]],All_India_Index_Upto_April23__1___1[[#This Row],[Sum of food expenses]],All_India_Index_Upto_April23__1___1[[#This Row],[Transport and communication]],All_India_Index_Upto_April23__1___1[[#This Row],[Health]],All_India_Index_Upto_April23__1___1[[#This Row],[Fuel and light]]) -> 2644.7
A7: Rural+Urban | B7: 2013 | C7: February | D7: =TEXT(DATE(B7, MONTH(1&C7), 1), "mmm-yy") -> Feb-13 | E7: 110.4 | F7: 110.2 | G7: 112.8 | H7: 104.9 | I7: 105.5 | J7: 103.6 | K7: 103.2 | L7: 105.3 | M7: 105.1 | N7: 102.8 | O7: 105.5 | P7: 108.3 | Q7: 106.6 | R7: 105.7 | S7: 106.9 | T7: 106 | U7: 106.8 | V7: 100.4 | W7: 106 | X7: 105.2 | Y7: 104.5 | Z7: 104.2 | AA7: 103.6 | AB7: 103.9 | AC7: 104.5 | AD7: 104.4 | AE7: 105.3 | AF7: =AVERAGE(All_India_Index_Upto_April23__1___1[[#This Row],[Cereals and products]:[Pan, tobacco and intoxicants]]) -> 106.42143 | AG7: =AVERAGE(All_India_Index_Upto_April23__1___1[[#This Row],[Household goods and services]],All_India_Index_Upto_April23__1___1[[#This Row],[Housing]]) -> 102.8 | AH7: =AVERAGE(All_India_Index_Upto_April23__1___1[[#This Row],[Miscellaneous]],All_India_Index_Upto_April23__1___1[[#This Row],[Personal care and effects]],All_India_Index_Upto_April23__1___1[[#This Row],[Education]],All_India_Index_Upto_April23__1___1[[#This Row],[Recreation and amusement]]) -> 104.1 | AI7: =SUM(All_India_Index_Upto_April23__1___1[[#This Row],[Cereals and products]:[Pan, tobacco and intoxicants]]) -> 1489.9 | AJ7: =SUM(All_India_Index_Upto_April23__1___1[[#This Row],[Household goods and services]],All_India_Index_Upto_April23__1___1[[#This Row],[Housing]]) -> 205.6 | AK7: =All_India_Index_Upto_April23__1___1[[#This Row],[Clothing]]+All_India_Index_Upto_April23__1___1[[#This Row],[Footwear]] -> 212.9 | AL7: =All_India_Index_Upto_April23__1___1[[#This Row],[Miscellaneous]]+All_India_Index_Upto_April23__1___1[[#This Row],[Personal care and effects]]+All_India_Index_Upto_April23__1___1[[#This Row],[Education]]+All_India_Index_Upto_April23__1___1[[#This Row],[Recreation and amusement]] -> 416.4 | AM7: =SUM(All_India_Index_Upto_April23__1___1[[#This Row],[Sum of others]],All_India_Index_Upto_April23__1___1[[#This Row],[Sum of clothing]],All_India_Index_Upto_April23__1___1[[#This Row],[Sum of Housing Exp]],All_India_Index_Upto_April23__1___1[[#This Row],[Sum of food expenses]],All_India_Index_Upto_April23__1___1[[#This Row],[Transport and communication]],All_India_Index_Upto_April23__1___1[[#This Row],[Health]],All_India_Index_Upto_April23__1___1[[#This Row],[Fuel and light]]) -> 2639.5
A8: Rural | B8: 2013 | C8: March | D8: =TEXT(DATE(B8, MONTH(1&C8), 1), "mmm-yy") -> Mar-13 | E8: 110.2 | F8: 108.8 | G8: 109.9 | H8: 105.6 | I8: 106.2 | J8: 105.7 | K8: 101.4 | L8: 105.7 | M8: 105 | N8: 103.3 | O8: 105.6 | P8: 108.2 | Q8: 106.6 | R8: 106.5 | S8: 107.6 | T8: 106.8 | U8: 107.5 | V8: ='Handle Missing Value Sheet only'!$F$5 -> 139.27097 | W8: 106.1 | X8: 105.6 | Y8: 104.7 | Z8: 104.6 | AA8: 104 | AB8: 104.3 | AC8: 104.3 | AD8: 104.6 | AE8: 106 | AF8: =AVERAGE(All_India_Index_Upto_April23__1___1[[#This Row],[Cereals and products]:[Pan, tobacco and intoxicants]]) -> 106.33571 | AG8: =AVERAGE(All_India_Index_Upto_April23__1___1[[#This Row],[Household goods and services]],All_India_Index_Upto_April23__1___1[[#This Row],[Housing]]) -> 122.43548 | AH8: =AVERAGE(All_India_Index_Upto_April23__1___1[[#This Row],[Miscellaneous]],All_India_Index_Upto_April23__1___1[[#This Row],[Personal care and effects]],All_India_Index_Upto_April23__1___1[[#This Row],[Education]],All_India_Index_Upto_April23__1___1[[#This Row],[Recreation and amusement]]) -> 104.3 | AI8: =SUM(All_India_Index_Upto_April23__1___1[[#This Row],[Cereals and products]:[Pan, tobacco and intoxicants]]) -> 1488.7 | AJ8: =SUM(All_India_Index_Upto_April23__1___1[[#This Row],[Household goods and services]],All_India_Index_Upto_April23__1___1[[#This Row],[Housing]]) -> 244.87097 | AK8: =All_India_Index_Upto_April23__1___1[[#This Row],[Clothing]]+All_India_Index_Upto_April23__1___1[[#This Row],[Footwear]] -> 214.4 | AL8: =All_India_Index_Upto_April23__1___1[[#This Row],[Miscellaneous]]+All_India_Index_Upto_April23__1___1[[#This Row],[Personal care and effects]]+All_India_Index_Upto_April23__1___1[[#This Row],[Education]]+All_India_Index_Upto_April23__1___1[[#This Row],[Recreation and amusement]] -> 417.2 | AM8: =SUM(All_India_Index_Upto_April23__1___1[[#This Row],[Sum of others]],All_India_Index_Upto_April23__1___1[[#This Row],[Sum of clothing]],All_India_Index_Upto_April23__1___1[[#This Row],[Sum of Housing Exp]],All_India_Index_Upto_April23__1___1[[#This Row],[Sum of food expenses]],All_India_Index_Upto_April23__1___1[[#This Row],[Transport and communication]],All_India_Index_Upto_April23__1___1[[#This Row],[Health]],All_India_Index_Upto_April23__1___1[[#This Row],[Fuel and light]]) -> 2680.571
A9: Urban | B9: 2013 | C9: March | D9: =TEXT(DATE(B9, MONTH(1&C9), 1), "mmm-yy") -> Mar-13 | E9: 113.9 | F9: 111.4 | G9: 113.2 | H9: 104.3 | I9: 102.7 | J9: 104.9 | K9: 103.8 | L9: 103.5 | M9: 102.6 | N9: 102.4 | O9: 107 | P9: 109.8 | Q9: 107.3 | R9: 106.8 | S9: 107.2 | T9: 106 | U9: 107 | V9: 100.4 | W9: 106 | X9: 105.7 | Y9: 105.2 | Z9: 105.5 | AA9: 103.5 | AB9: 103.8 | AC9: 104.2 | AD9: 104.9 | AE9: 105 | AF9: =AVERAGE(All_India_Index_Upto_April23__1___1[[#This Row],[Cereals and products]:[Pan, tobacco and intoxicants]]) -> 106.68571 | AG9: =AVERAGE(All_India_Index_Upto_April23__1___1[[#This Row],[Household goods and services]],All_India_Index_Upto_April23__1___1[[#This Row],[Housing]]) -> 103.05 | AH9: =AVERAGE(All_India_Index_Upto_April23__1___1[[#This Row],[Miscellaneous]],All_India_Index_Upto_April23__1___1[[#This Row],[Personal care and effects]],All_India_Index_Upto_April23__1___1[[#This Row],[Education]],All_India_Index_Upto_April23__1___1[[#This Row],[Recreation and amusement]]) -> 104.1 | AI9: =SUM(All_India_Index_Upto_April23__1___1[[#This Row],[Cereals and products]:[Pan, tobacco and intoxicants]]) -> 1493.6 | AJ9: =SUM(All_India_Index_Upto_April23__1___1[[#This Row],[Household goods and services]],All_India_Index_Upto_April23__1___1[[#This Row],[Housing]]) -> 206.1 | AK9: =All_India_Index_Upto_April23__1___1[[#This Row],[Clothing]]+All_India_Index_Upto_April23__1___1[[#This Row],[Footwear]] -> 213.2 | AL9: =All_India_Index_Upto_April23__1___1[[#This Row],[Miscellaneous]]+All_India_Index_Upto_April23__1___1[[#This Row],[Personal care and effects]]+All_India_Index_Upto_April23__1___1[[#This Row],[Education]]+All_India_Index_Upto_April23__1___1[[#This Row],[Recreation and amusement]] -> 416.4 | AM9: =SUM(All_India_Index_Upto_April23__1___1[[#This Row],[Sum of others]],All_India_Index_Upto_April23__1___1[[#This Row],[Sum of clothing]],All_India_Index_Upto_April23__1___1[[#This Row],[Sum of Housing Exp]],All_India_Index_Upto_April23__1___1[[#This Row],[Sum of food expenses]],All_India_Index_Upto_April23__1___1[[#This Row],[Transport and communication]],All_India_Index_Upto_April23__1___1[[#This Row],[Health]],All_India_Index_Upto_April23__1___1[[#This Row],[Fuel and light]]) -> 2646
A10: Rural+Urban | B10: 2013 | C10: March | D10: =TEXT(DATE(B10, MONTH(1&C10), 1), "mmm-yy") -> Mar-13 | E10: 111.4 | F10: 109.7 | G10: 111.2 | H10: 105.1 | I10: 104.9 | J10: 105.3 | K10: 102.2 | L10: 105 | M10: 104.2 | N10: 103 | O10: 106.2 | P10: 108.9 | Q10: 106.9 | R10: 106.6 | S10: 107.4 | T10: 106.5 | U10: 107.3 | V10: 100.4 | W10: 106.1 | X10: 105.6 | Y10: 104.9 | Z10: 105.1 | AA10: 103.7 | AB10: 104 | AC10: 104.3 | AD10: 104.7 | AE10: 105.5 | AF10: =AVERAGE(All_India_Index_Upto_April23__1___1[[#This Row],[Cereals and products]:[Pan, tobacco and intoxicants]]) -> 106.47143 | AG10: =AVERAGE(All_India_Index_Upto_April23__1___1[[#This Row],[Household goods and services]],All_India_Index_Upto_April23__1___1[[#This Row],[Housing]]) -> 103 | AH10: =AVERAGE(All_India_Index_Upto_April23__1___1[[#This Row],[Miscellaneous]],All_India_Index_Upto_April23__1___1[[#This Row],[Personal care and effects]],All_India_Index_Upto_April23__1___1[[#This Row],[Education]],All_India_Index_Upto_April23__1___1[[#This Row],[Recreation and amusement]]) -> 104.175 | AI10: =SUM(All_India_Index_Upto_April23__1___1[[#This Row],[Cereals and products]:[Pan, tobacco and intoxicants]]) -> 1490.6 | AJ10: =SUM(All_India_Index_Upto_April23__1___1[[#This Row],[Household goods and services]],All_India_Index_Upto_April23__1___1[[#This Row],[Housing]]) -> 206 | AK10: =All_India_Index_Upto_April23__1___1[[#This Row],[Clothing]]+All_India_Index_Upto_April23__1___1[[#This Row],[Footwear]] -> 213.9 | AL10: =All_India_Index_Upto_April23__1___1[[#This Row],[Miscellaneous]]+All_India_Index_Upto_April23__1___1[[#This Row],[Personal care and effects]]+All_India_Index_Upto_April23__1___1[[#This Row],[Education]]+All_India_Index_Upto_April23__1___1[[#This Row],[Recreation and amusement]] -> 416.7 | AM10: =SUM(All_India_Index_Upto_April23__1___1[[#This Row],[Sum of others]],All_India_Index_Upto_April23__1___1[[#This Row],[Sum of clothing]],All_India_Index_Upto_April23__1___1[[#This Row],[Sum of Housing Exp]],All_India_Index_Upto_April23__1___1[[#This Row],[Sum of food expenses]],All_India_Index_Upto_April23__1___1[[#This Row],[Transport and communication]],All_India_Index_Upto_April23__1___1[[#This Row],[Health]],All_India_Index_Upto_April23__1___1[[#This Row],[Fuel and light]]) -> 2643.3
A11: Rural | B11: 2013 | C11: April | D11: =TEXT(DATE(B11, MONTH(1&C11), 1), "mmm-yy") -> Apr-13 | E11: 110.2 | F11: 109.5 | G11: 106.9 | H11: 106.3 | I11: 105.7 | J11: 108.3 | K11: 103.4 | L11: 105.7 | M11: 104.2 | N11: 103.2 | O11: 106.5 | P11: 108.8 | Q11: 107.1 | R11: 107.1 | S11: 108.1 | T11: 107.4 | U11: 108 | V11: ='Handle Missing Value Sheet only'!$F$5 -> 139.27097 | W11: 106.5 | X11: 106.1 | Y11: 105.1 | Z11: 104.4 | AA11: 104.5 | AB11: 104.8 | AC11: 102.7 | AD11: 104.6 | AE11: 106.4 | AF11: =AVERAGE(All_India_Index_Upto_April23__1___1[[#This Row],[Cereals and products]:[Pan, tobacco and intoxicants]]) -> 106.63571 | AG11: =AVERAGE(All_India_Index_Upto_April23__1___1[[#This Row],[Household goods and services]],All_India_Index_Upto_April23__1___1[[#This Row],[Housing]]) -> 122.68548 | AH11: =AVERAGE(All_India_Index_Upto_April23__1___1[[#This Row],[Miscellaneous]],All_India_Index_Upto_April23__1___1[[#This Row],[Personal care and effects]],All_India_Index_Upto_April23__1___1[[#This Row],[Education]],All_India_Index_Upto_April23__1___1[[#This Row],[Recreation and amusement]]) -> 104.15 | AI11: =SUM(All_India_Index_Upto_April23__1___1[[#This Row],[Cereals and products]:[Pan, tobacco and intoxicants]]) -> 1492.9 | AJ11: =SUM(All_India_Index_Upto_April23__1___1[[#This Row],[Household goods and services]],All_India_Index_Upto_April23__1___1[[#This Row],[Housing]]) -> 245.37097 | AK11: =All_India_Index_Upto_April23__1___1[[#This Row],[Clothing]]+All_India_Index_Upto_April23__1___1[[#This Row],[Footwear]] -> 215.5 | AL11: =All_India_Index_Upto_April23__1___1[[#This Row],[Miscellaneous]]+All_India_Index_Upto_April23__1___1[[#This Row],[Personal care and effects]]+All_India_Index_Upto_April23__1___1[[#This Row],[Education]]+All_India_Index_Upto_April23__1___1[[#This Row],[Recreation and amusement]] -> 416.6 | AM11: =SUM(All_India_Index_Upto_April23__1___1[[#This Row],[Sum of others]],All_India_Index_Upto_April23__1___1[[#This Row],[Sum of clothing]],All_India_Index_Upto_April23__1___1[[#This Row],[Sum of Housing Exp]],All_India_Index_Upto_April23__1___1[[#This Row],[Sum of food expenses]],All_India_Index_Upto_April23__1___1[[#This Row],[Transport and communication]],All_India_Index_Upto_April23__1___1[[#This Row],[Health]],All_India_Index_Upto_April23__1___1[[#This Row],[Fuel and light]]) -> 2686.371
A12: Urban | B12: 2013 | C12: April | D12: =TEXT(DATE(B12, MONTH(1&C12), 1), "mmm-yy") -> Apr-13 | E12: 114.6 | F12: 113.4 | G12: 106 | H12: 104.7 | I12: 102.1 | J12: 109.5 | K12: 109.7 | L12: 104.6 | M12: 102 | N12: 103.5 | O12: 108.2 | P12: 110.6 | Q12: 108.8 | R12: 108.5 | S12: 107.9 | T12: 106.4 | U12: 107.7 | V12: 100.5 | W12: 106.4 | X12: 106.5 | Y12: 105.7 | Z12: 105 | AA12: 104 | AB12: 105.2 | AC12: 103.2 | AD12: 105.1 | AE12: 105.7 | AF12: =AVERAGE(All_India_Index_Upto_April23__1___1[[#This Row],[Cereals and products]:[Pan, tobacco and intoxicants]]) -> 107.58571 | AG12: =AVERAGE(All_India_Index_Upto_April23__1___1[[#This Row],[Household goods and services]],All_India_Index_Upto_April23__1___1[[#This Row],[Housing]]) -> 103.5 | AH12: =AVERAGE(All_India_Index_Upto_April23__1___1[[#This Row],[Miscellaneous]],All_India_Index_Upto_April23__1___1[[#This Row],[Personal care and effects]],All_India_Index_Upto_April23__1___1[[#This Row],[Education]],All_India_Index_Upto_April23__1___1[[#This Row],[Recreation and amusement]]) -> 104.375 | AI12: =SUM(All_India_Index_Upto_April23__1___1[[#This Row],[Cereals and products]:[Pan, tobacco and intoxicants]]) -> 1506.2 | AJ12: =SUM(All_India_Index_Upto_April23__1___1[[#This Row],[Household goods and services]],All_India_Index_Upto_April23__1___1[[#This Row],[Housing]]) -> 207 | AK12: =All_India_Index_Upto_April23__1___1[[#This Row],[Clothing]]+All_India_Index_Upto_April23__1___1[[#This Row],[Footwear]] -> 214.3 | AL12: =All_India_Index_Upto_April23__1___1[[#This Row],[Miscellaneous]]+All_India_Index_Upto_April23__1___1[[#This Row],[Personal care and effects]]+All_India_Index_Upto_April23__1___1[[#This Row],[Education]]+All_India_Index_Upto_April23__1___1[[#This Row],[Recreation and amusement]] -> 417.5 | AM12: =SUM(All_India_Index_Upto_April23__1___1[[#This Row],[Sum of others]],All_India_Index_Upto_April23__1___1[[#This Row],[Sum of clothing]],All_India_Index_Upto_April23__1___1[[#This Row],[Sum of Housing Exp]],All_India_Index_Upto_April23__1___1[[#This Row],[Sum of food expenses]],All_India_Index_Upto_April23__1___1[[#This Row],[Transport and communication]],All_India_Index_Upto_April23__1___1[[#This Row],[Health]],All_India_Index_Upto_April23__1___1[[#This Row],[Fuel and light]]) -> 2662.1
A13: Rural+Urban | B13: 2013 | C13: April | D13: =TEXT(DATE(B13, MONTH(1&C13), 1), "mmm-yy") -> Apr-13 | E13: 111.6 | F13: 110.9 | G13: 106.6 | H13: 105.7 | I13: 104.4 | J13: 108.9 | K13: 105.5 | L13: 105.3 | M13: 103.5 | N13: 103.3 | O13: 107.2 | P13: 109.6 | Q13: 107.7 | R13: 107.5 | S13: 108 | T13: 107 | U13: 107.9 | V13: 100.5 | W13: 106.5 | X13: 106.3 | Y13: 105.3 | Z13: 104.7 | AA13: 104.2 | AB13: 105 | AC13: 102.9 | AD13: 104.8 | AE13: 106.1 | AF13: =AVERAGE(All_India_Index_Upto_April23__1___1[[#This Row],[Cereals and products]:[Pan, tobacco and intoxicants]]) -> 106.97857 | AG13: =AVERAGE(All_India_Index_Upto_April23__1___1[[#This Row],[Household goods and services]],All_India_Index_Upto_April23__1___1[[#This Row],[Housing]]) -> 103.4 | AH13: =AVERAGE(All_India_Index_Upto_April23__1___1[[#This Row],[Miscellaneous]],All_India_Index_Upto_April23__1___1[[#This Row],[Personal care and effects]],All_India_Index_Upto_April23__1___1[[#This Row],[Education]],All_India_Index_Upto_April23__1___1[[#This Row],[Recreation and amusement]]) -> 104.225 | AI13: =SUM(All_India_Index_Upto_April23__1___1[[#This Row],[Cereals and products]:[Pan, tobacco and intoxicants]]) -> 1497.7 | AJ13: =SUM(All_India_Index_Upto_April23__1___1[[#This Row],[Household goods and services]],All_India_Index_Upto_April23__1___1[[#This Row],[Housing]]) -> 206.8 | AK13: =All_India_Index_Upto_April23__1___1[[#This Row],[Clothing]]+All_India_Index_Upto_April23__1___1[[#This Row],[Footwear]] -> 215 | AL13: =All_India_Index_Upto_April23__1___1[[#This Row],[Miscellaneous]]+All_India_Index_Upto_April23__1___1[[#This Row],[Personal care and effects]]+All_India_Index_Upto_April23__1___1[[#This Row],[Education]]+All_India_Index_Upto_April23__1___1[[#This Row],[Recreation and amusement]] -> 416.9 | AM13: =SUM(All_India_Index_Upto_April23__1___1[[#This Row],[Sum of others]],All_India_Index_Upto_April23__1___1[[#This Row],[Sum of clothing]],All_India_Index_Upto_April23__1___1[[#This Row],[Sum of Housing Exp]],All_India_Index_Upto_April23__1___1[[#This Row],[Sum of food expenses]],All_India_Index_Upto_April23__1___1[[#This Row],[Transport and communication]],All_India_Index_Upto_April23__1___1[[#This Row],[Health]],All_India_Index_Upto_April23__1___1[[#This Row],[Fuel and light]]) -> 2652.9
A14: Rural | B14: 2013 | C14: May | D14: =TEXT(DATE(B14, MONTH(1&C14), 1), "mmm-yy") -> May-13 | E14: 110.9 | F14: 109.8 | G14: 105.9 | H14: 107.5 | I14: 105.3 | J14: 108.1 | K14: 107.3 | L14: 106.1 | M14: 103.7 | N14: 104 | O14: 107.4 | P14: 109.9 | Q14: 108.1 | R14: 108.1 | S14: 108.8 | T14: 107.9 | U14: 108.6 | V14: ='Handle Missing Value Sheet only'!$F$5 -> 139.27097 | W14: 107.5 | X14: 106.8 | Y14: 105.7 | Z14: 104.1 | AA14: 105 | AB14: 105.5 | AC14: 102.1 | AD14: 104.8 | AE14: 107.2 | AF14: =AVERAGE(All_India_Index_Upto_April23__1___1[[#This Row],[Cereals and products]:[Pan, tobacco and intoxicants]]) -> 107.29286 | AG14: =AVERAGE(All_India_Index_Upto_April23__1___1[[#This Row],[Household goods and services]],All_India_Index_Upto_April23__1___1[[#This Row],[Housing]]) -> 123.03548 | AH14: =AVERAGE(All_India_Index_Upto_April23__1___1[[#This Row],[Miscellaneous]],All_India_Index_Upto_April23__1___1[[#This Row],[Personal care and effects]],All_India_Index_Upto_April23__1___1[[#This Row],[Education]],All_India_Index_Upto_April23__1___1[[#This Row],[Recreation and amusement]]) -> 104.35 | AI14: =SUM(All_India_Index_Upto_April23__1___1[[#This Row],[Cereals and products]:[Pan, tobacco and intoxicants]]) -> 1502.1 | AJ14: =SUM(All_India_Index_Upto_April23__1___1[[#This Row],[Household goods and services]],All_India_Index_Upto_April23__1___1[[#This Row],[Housing]]) -> 246.07097 | AK14: =All_India_Index_Upto_April23__1___1[[#This Row],[Clothing]]+All_India_Index_Upto_April23__1___1[[#This Row],[Footwear]] -> 216.7 | AL14: =All_India_Index_Upto_April23__1___1[[#This Row],[Miscellaneous]]+All_India_Index_Upto_April23__1___1[[#This Row],[Personal care and effects]]+All_India_Index_Upto_April23__1___1[[#This Row],[Education]]+All_India_Index_Upto_April23__1___1[[#This Row],[Recreation and amusement]] -> 417.4 | AM14: =SUM(All_India_Index_Upto_April23__1___1[[#This Row],[Sum of others]],All_India_Index_Upto_April23__1___1[[#This Row],[Sum of clothing]],All_India_Index_Upto_April23__1___1[[#This Row],[Sum of Housing Exp]],All_India_Index_Upto_April23__1___1[[#This Row],[Sum of food expenses]],All_India_Index_Upto_April23__1___1[[#This Row],[Transport and communication]],All_India_Index_Upto_April23__1___1[[#This Row],[Health]],All_India_Index_Upto_April23__1___1[[#This Row],[Fuel and light]]) -> 2699.571
A15: Urban | B15: 2013 | C15: May | D15: =TEXT(DATE(B15, MONTH(1&C15), 1), "mmm-yy") -> May-13 | E15: 115.4 | F15: 114.2 | G15: 102.7 | H15: 105.5 | I15: 101.5 | J15: 110.6 | K15: 123.7 | L15: 105.2 | M15: 101.9 | N15: 105 | O15: 109.1 | P15: 111.3 | Q15: 111.1 | R15: 109.8 | S15: 108.5 | T15: 106.7 | U15: 108.3 | V15: 100.5 | W15: 107.2 | X15: 107.1 | Y15: 106.2 | Z15: 103.9 | AA15: 104.6 | AB15: 105.7 | AC15: 102.6 | AD15: 104.9 | AE15: 106.6 | AF15: =AVERAGE(All_India_Index_Upto_April23__1___1[[#This Row],[Cereals and products]:[Pan, tobacco and intoxicants]]) -> 109.07143 | AG15: =AVERAGE(All_India_Index_Upto_April23__1___1[[#This Row],[Household goods and services]],All_India_Index_Upto_April23__1___1[[#This Row],[Housing]]) -> 103.8 | AH15: =AVERAGE(All_India_Index_Upto_April23__1___1[[#This Row],[Miscellaneous]],All_India_Index_Upto_April23__1___1[[#This Row],[Personal care and effects]],All_India_Index_Upto_April23__1___1[[#This Row],[Education]],All_India_Index_Upto_April23__1___1[[#This Row],[Recreation and amusement]]) -> 104.45 | AI15: =SUM(All_India_Index_Upto_April23__1___1[[#This Row],[Cereals and products]:[Pan, tobacco and intoxicants]]) -> 1527 | AJ15: =SUM(All_India_Index_Upto_April23__1___1[[#This Row],[Household goods and services]],All_India_Index_Upto_April23__1___1[[#This Row],[Housing]]) -> 207.6 | AK15: =All_India_Index_Upto_April23__1___1[[#This Row],[Clothing]]+All_India_Index_Upto_April23__1___1[[#This Row],[Footwear]] -> 215.2 | AL15: =All_India_Index_Upto_April23__1___1[[#This Row],[Miscellaneous]]+All_India_Index_Upto_April23__1___1[[#This Row],[Personal care and effects]]+All_India_Index_Upto_April23__1___1[[#This Row],[Education]]+All_India_Index_Upto_April23__1___1[[#This Row],[Recreation and amusement]] -> 417.8 | AM15: =SUM(All_India_Index_Upto_April23__1___1[[#This Row],[Sum of others]],All_India_Index_Upto_April23__1___1[[#This Row],[Sum of clothing]],All_India_Index_Upto_April23__1___1[[#This Row],[Sum of Housing Exp]],All_India_Index_Upto_April23__1___1[[#This Row],[Sum of food expenses]],All_India_Index_Upto_April23__1___1[[#This Row],[Transport and communication]],All_India_Index_Upto_April23__1___1[[#This Row],[Health]],All_India_Index_Upto_April23__1___1[[#This Row],[Fuel and light]]) -> 2684.9
A16: Rural+Urban | B16: 2013 | C16: May | D16: =TEXT(DATE(B16, MONTH(1&C16), 1), "mmm-yy") -> May-13 | E16: 112.3 | F16: 111.3 | G16: 104.7 | H16: 106.8 | I16: 103.9 | J16: 109.3 | K16: 112.9 | L16: 105.8 | M16: 103.1 | N16: 104.3 | O16: 108.1 | P16: 110.5 | Q16: 109.2 | R16: 108.6 | S16: 108.7 | T16: 107.4 | U16: 108.5 | V16: 100.5 | W16: 107.4 | X16: 106.9 | Y16: 105.9 | Z16: 104 | AA16: 104.8 | AB16: 105.6 | AC16: 102.3 | AD16: 104.8 | AE16: 106.9 | AF16: =AVERAGE(All_India_Index_Upto_April23__1___1[[#This Row],[Cereals and products]:[Pan, tobacco and intoxicants]]) -> 107.91429 | AG16: =AVERAGE(All_India_Index_Upto_April23__1___1[[#This Row],[Household goods and services]],All_India_Index_Upto_April23__1___1[[#This Row],[Housing]]) -> 103.7 | AH16: =AVERAGE(All_India_Index_Upto_April23__1___1[[#This Row],[Miscellaneous]],All_India_Index_Upto_April23__1___1[[#This Row],[Personal care and effects]],All_India_Index_Upto_April23__1___1[[#This Row],[Education]],All_India_Index_Upto_April23__1___1[[#This Row],[Recreation and amusement]]) -> 104.375 | AI16: =SUM(All_India_Index_Upto_April23__1___1[[#This Row],[Cereals and products]:[Pan, tobacco and intoxicants]]) -> 1510.8 | AJ16: =SUM(All_India_Index_Upto_April23__1___1[[#This Row],[Household goods and services]],All_India_Index_Upto_April23__1___1[[#This Row],[Housing]]) -> 207.4 | AK16: =All_India_Index_Upto_April23__1___1[[#This Row],[Clothing]]+All_India_Index_Upto_April23__1___1[[#This Row],[Footwear]] -> 216.1 | AL16: =All_India_Index_Upto_April23__1___1[[#This Row],[Miscellaneous]]+All_India_Index_Upto_April23__1___1[[#This Row],[Personal care and effects]]+All_India_Index_Upto_April23__1___1[[#This Row],[Education]]+All_India_Index_Upto_April23__1___1[[#This Row],[Recreation and amusement]] -> 417.5 | AM16: =SUM(All_India_Index_Upto_April23__1___1[[#This Row],[Sum of others]],All_India_Index_Upto_April23__1___1[[#This Row],[Sum of clothing]],All_India_Index_Upto_April23__1___1[[#This Row],[Sum of Housing Exp]],All_India_Index_Upto_April23__1___1[[#This Row],[Sum of food expenses]],All_India_Index_Upto_April23__1___1[[#This Row],[Transport and communication]],All_India_Index_Upto_April23__1___1[[#This Row],[Health]],All_India_Index_Upto_April23__1___1[[#This Row],[Fuel and light]]) -> 2669.1
A17: Rural | B17: 2013 | C17: June | D17: =TEXT(DATE(B17, MONTH(1&C17), 1), "mmm-yy") -> Jun-13 | E17: 112.3 | F17: 112.1 | G17: 108.1 | H17: 108.3 | I17: 105.9 | J17: 109.2 | K17: 118 | L17: 106.8 | M17: 104.1 | N17: 105.4 | O17: 108.2 | P17: 111 | Q17: 110.6 | R17: 109 | S17: 109.7 | T17: 108.8 | U17: 109.5 | V17: ='Handle Missing Value Sheet only'!$F$5 -> 139.27097 | W17: 108.5 | X17: 107.5 | Y17: 106.3 | Z17: 105 | AA17: 105.6 | AB17: 106.5 | AC17: 102.5 | AD17: 105.5 | AE17: 108.9 | AF17: =AVERAGE(All_India_Index_Upto_April23__1___1[[#This Row],[Cereals and products]:[Pan, tobacco and intoxicants]]) -> 109.21429 | AG17: =AVERAGE(All_India_Index_Upto_April23__1___1[[#This Row],[Household goods and services]],All_India_Index_Upto_April23__1___1[[#This Row],[Housing]]) -> 123.38548 | AH17: =AVERAGE(All_India_Index_Upto_April23__1___1[[#This Row],[Miscellaneous]],All_India_Index_Upto_April23__1___1[[#This Row],[Personal care and effects]],All_India_Index_Upto_April23__1___1[[#This Row],[Education]],All_India_Index_Upto_April23__1___1[[#This Row],[Recreation and amusement]]) -> 105.025 | AI17: =SUM(All_India_Index_Upto_April23__1___1[[#This Row],[Cereals and products]:[Pan, tobacco and intoxicants]]) -> 1529 | AJ17: =SUM(All_India_Index_Upto_April23__1___1[[#This Row],[Household goods and services]],All_India_Index_Upto_April23__1___1[[#This Row],[Housing]]) -> 246.77097 | AK17: =All_India_Index_Upto_April23__1___1[[#This Row],[Clothing]]+All_India_Index_Upto_April23__1___1[[#This Row],[Footwear]] -> 218.5 | AL17: =All_India_Index_Upto_April23__1___1[[#This Row],[Miscellaneous]]+All_India_Index_Upto_April23__1___1[[#This Row],[Personal care and effects]]+All_India_Index_Upto_April23__1___1[[#This Row],[Education]]+All_India_Index_Upto_April23__1___1[[#This Row],[Recreation and amusement]] -> 420.1 | AM17: =SUM(All_India_Index_Upto_April23__1___1[[#This Row],[Sum of others]],All_India_Index_Upto_April23__1___1[[#This Row],[Sum of clothing]],All_India_Index_Upto_April23__1___1[[#This Row],[Sum of Housing Exp]],All_India_Index_Upto_April23__1___1[[#This Row],[Sum of food expenses]],All_India_Index_Upto_April23__1___1[[#This Row],[Transport and communication]],All_India_Index_Upto_April23__1___1[[#This Row],[Health]],All_India_Index_Upto_April23__1___1[[#This Row],[Fuel and light]]) -> 2734.171
A18: Urban | B18: 2013 | C18: June | D18: =TEXT(DATE(B18, MONTH(1&C18), 1), "mmm-yy") -> Jun-13 | E18: 117 | F18: 120.1 | G18: 112.5 | H18: 107.3 | I18: 101.3 | J18: 112.4 | K18: 143.6 | L18: 105.4 | M18: 101.4 | N18: 106.4 | O18: 110 | P18: 112.2 | Q18: 115 | R18: 110.9 | S18: 109.2 | T18: 107.2 | U18: 108.9 | V18: 106.6 | W18: 108 | X18: 107.7 | Y18: 106.5 | Z18: 105.2 | AA18: 105.2 | AB18: 108.1 | AC18: 103.3 | AD18: 106.1 | AE18: 109.7 | AF18: =AVERAGE(All_India_Index_Upto_April23__1___1[[#This Row],[Cereals and products]:[Pan, tobacco and intoxicants]]) -> 112.53571 | AG18: =AVERAGE(All_India_Index_Upto_April23__1___1[[#This Row],[Household goods and services]],All_India_Index_Upto_April23__1___1[[#This Row],[Housing]]) -> 107.15 | AH18: =AVERAGE(All_India_Index_Upto_April23__1___1[[#This Row],[Miscellaneous]],All_India_Index_Upto_April23__1___1[[#This Row],[Personal care and effects]],All_India_Index_Upto_April23__1___1[[#This Row],[Education]],All_India_Index_Upto_April23__1___1[[#This Row],[Recreation and amusement]]) -> 105.675 | AI18: =SUM(All_India_Index_Upto_April23__1___1[[#This Row],[Cereals and products]:[Pan, tobacco and intoxicants]]) -> 1575.5 | AJ18: =SUM(All_India_Index_Upto_April23__1___1[[#This Row],[Household goods and services]],All_India_Index_Upto_April23__1___1[[#This Row],[Housing]]) -> 214.3 | AK18: =All_India_Index_Upto_April23__1___1[[#This Row],[Clothing]]+All_India_Index_Upto_April23__1___1[[#This Row],[Footwear]] -> 216.4 | AL18: =All_India_Index_Upto_April23__1___1[[#This Row],[Miscellaneous]]+All_India_Index_Upto_April23__1___1[[#This Row],[Personal care and effects]]+All_India_Index_Upto_April23__1___1[[#This Row],[Education]]+All_India_Index_Upto_April23__1___1[[#This Row],[Recreation and amusement]] -> 422.7 | AM18: =SUM(All_India_Index_Upto_April23__1___1[[#This Row],[Sum of others]],All_India_Index_Upto_April23__1___1[[#This Row],[Sum of clothing]],All_India_Index_Upto_April23__1___1[[#This Row],[Sum of Housing Exp]],All_India_Index_Upto_April23__1___1[[#This Row],[Sum of food expenses]],All_India_Index_Upto_April23__1___1[[#This Row],[Transport and communication]],All_India_Index_Upto_April23__1___1[[#This Row],[Health]],All_India_Index_Upto_April23__1___1[[#This Row],[Fuel and light]]) -> 2748.6
A19: Rural+Urban | B19: 2013 | C19: June | D19: =TEXT(DATE(B19, MONTH(1&C19), 1), "mmm-yy") -> Jun-13 | E19: 113.8 | F19: 114.9 | G19: 109.8 | H19: 107.9 | I19: 104.2 | J19: 110.7 | K19: 126.7 | L19: 106.3 | M19: 103.2 | N19: 105.7 | O19: 109 | P19: 111.6 | Q19: 112.2 | R19: 109.5 | S19: 109.5 | T19: 108.1 | U19: 109.3 | V19: 106.6 | W19: 108.3 | X19: 107.6 | Y19: 106.4 | Z19: 105.1 | AA19: 105.4 | AB19: 107.4 | AC19: 102.8 | AD19: 105.8 | AE19: 109.3 | AF19: =AVERAGE(All_India_Index_Upto_April23__1___1[[#This Row],[Cereals and products]:[Pan, tobacco and intoxicants]]) -> 110.39286 | AG19: =AVERAGE(All_India_Index_Upto_April23__1___1[[#This Row],[Household goods and services]],All_India_Index_Upto_April23__1___1[[#This Row],[Housing]]) -> 107.1 | AH19: =AVERAGE(All_India_Index_Upto_April23__1___1[[#This Row],[Miscellaneous]],All_India_Index_Upto_April23__1___1[[#This Row],[Personal care and effects]],All_India_Index_Upto_April23__1___1[[#This Row],[Education]],All_India_Index_Upto_April23__1___1[[#This Row],[Recreation and amusement]]) -> 105.35 | AI19: =SUM(All_India_Index_Upto_April23__1___1[[#This Row],[Cereals and products]:[Pan, tobacco and intoxicants]]) -> 1545.5 | AJ19: =SUM(All_India_Index_Upto_April23__1___1[[#This Row],[Household goods and services]],All_India_Index_Upto_April23__1___1[[#This Row],[Housing]]) -> 214.2 | AK19: =All_India_Index_Upto_April23__1___1[[#This Row],[Clothing]]+All_India_Index_Upto_April23__1___1[[#This Row],[Footwear]] -> 217.6 | AL19: =All_India_Index_Upto_April23__1___1[[#This Row],[Miscellaneous]]+All_India_Index_Upto_April23__1___1[[#This Row],[Personal care and effects]]+All_India_Index_Upto_April23__1___1[[#This Row],[Education]]+All_India_Index_Upto_April23__1___1[[#This Row],[Recreation and amusement]] -> 421.4 | AM19: =SUM(All_India_Index_Upto_April23__1___1[[#This Row],[Sum of others]],All_India_Index_Upto_April23__1___1[[#This Row],[Sum of clothing]],All_India_Index_Upto_April23__1___1[[#This Row],[Sum of Housing Exp]],All_India_Index_Upto_April23__1___1[[#This Row],[Sum of food expenses]],All_India_Index_Upto_April23__1___1[[#This Row],[Transport and communication]],All_India_Index_Upto_April23__1___1[[#This Row],[Health]],All_India_Index_Upto_April23__1___1[[#This Row],[Fuel and light]]) -> 2718.5
A20: Rural | B20: 2013 | C20: July | D20: =TEXT(DATE(B20, MONTH(1&C20), 1), "mmm-yy") -> Jul-13 | E20: 113.4 | F20: 114.9 | G20: 110.5 | H20: 109.3 | I20: 106.2 | J20: 110.3 | K20: 129.2 | L20: 107.1 | M20: 104.3 | N20: 106.4 | O20: 109.1 | P20: 112.1 | Q20: 113.1 | R20: 109.8 | S20: 110.5 | T20: 109.5 | U20: 110.3 | V20: ='Handle Missing Value Sheet only'!$F$5 -> 139.27097 | W20: 109.5 | X20: 108.3 | Y20: 106.9 | Z20: 106.8 | AA20: 106.4 | AB20: 107.8 | AC20: 102.5 | AD20: 106.5 | AE20: 110.7 | AF20: =AVERAGE(All_India_Index_Upto_April23__1___1[[#This Row],[Cereals and products]:[Pan, tobacco and intoxicants]]) -> 111.12143 | AG20: =AVERAGE(All_India_Index_Upto_April23__1___1[[#This Row],[Household goods and services]],All_India_Index_Upto_April23__1___1[[#This Row],[Housing]]) -> 123.78548 | AH20: =AVERAGE(All_India_Index_Upto_April23__1___1[[#This Row],[Miscellaneous]],All_India_Index_Upto_April23__1___1[[#This Row],[Personal care and effects]],All_India_Index_Upto_April23__1___1[[#This Row],[Education]],All_India_Index_Upto_April23__1___1[[#This Row],[Recreation and amusement]]) -> 105.8 | AI20: =SUM(All_India_Index_Upto_April23__1___1[[#This Row],[Cereals and products]:[Pan, tobacco and intoxicants]]) -> 1555.7 | AJ20: =SUM(All_India_Index_Upto_April23__1___1[[#This Row],[Household goods and services]],All_India_Index_Upto_April23__1___1[[#This Row],[Housing]]) -> 247.57097 | AK20: =All_India_Index_Upto_April23__1___1[[#This Row],[Clothing]]+All_India_Index_Upto_April23__1___1[[#This Row],[Footwear]] -> 220 | AL20: =All_India_Index_Upto_April23__1___1[[#This Row],[Miscellaneous]]+All_India_Index_Upto_April23__1___1[[#This Row],[Personal care and effects]]+All_India_Index_Upto_April23__1___1[[#This Row],[Education]]+All_India_Index_Upto_April23__1___1[[#This Row],[Recreation and amusement]] -> 423.2 | AM20: =SUM(All_India_Index_Upto_April23__1___1[[#This Row],[Sum of others]],All_India_Index_Upto_April23__1___1[[#This Row],[Sum of clothing]],All_India_Index_Upto_April23__1___1[[#This Row],[Sum of Housing Exp]],All_India_Index_Upto_April23__1___1[[#This Row],[Sum of food expenses]],All_India_Index_Upto_April23__1___1[[#This Row],[Transport and communication]],All_India_Index_Upto_April23__1___1[[#This Row],[Health]],All_India_Index_Upto_April23__1___1[[#This Row],[Fuel and light]]) -> 2769.671
A21: Urban | B21: 2013 | C21: July | D21: =TEXT(DATE(B21, MONTH(1&C21), 1), "mmm-yy") -> Jul-13 | E21: 117.8 | F21: 119.2 | G21: 114 | H21: 108.3 | I21: 101.1 | J21: 113.2 | K21: 160.9 | L21: 105.1 | M21: 101.3 | N21: 107.5 | O21: 110.4 | P21: 113.1 | Q21: 117.5 | R21: 111.7 | S21: 109.8 | T21: 107.8 | U21: 109.5 | V21: 107.7 | W21: 108.6 | X21: 108.1 | Y21: 107.1 | Z21: 107.3 | AA21: 105.9 | AB21: 110.1 | AC21: 103.2 | AD21: 107.3 | AE21: 111.4 | AF21: =AVERAGE(All_India_Index_Upto_April23__1___1[[#This Row],[Cereals and products]:[Pan, tobacco and intoxicants]]) -> 114.36429 | AG21: =AVERAGE(All_India_Index_Upto_April23__1___1[[#This Row],[Household goods and services]],All_India_Index_Upto_April23__1___1[[#This Row],[Housing]]) -> 107.9 | AH21: =AVERAGE(All_India_Index_Upto_April23__1___1[[#This Row],[Miscellaneous]],All_India_Index_Upto_April23__1___1[[#This Row],[Personal care and effects]],All_India_Index_Upto_April23__1___1[[#This Row],[Education]],All_India_Index_Upto_April23__1___1[[#This Row],[Recreation and amusement]]) -> 106.625 | AI21: =SUM(All_India_Index_Upto_April23__1___1[[#This Row],[Cereals and products]:[Pan, tobacco and intoxicants]]) -> 1601.1 | AJ21: =SUM(All_India_Index_Upto_April23__1___1[[#This Row],[Household goods and services]],All_India_Index_Upto_April23__1___1[[#This Row],[Housing]]) -> 215.8 | AK21: =All_India_Index_Upto_April23__1___1[[#This Row],[Clothing]]+All_India_Index_Upto_April23__1___1[[#This Row],[Footwear]] -> 217.6 | AL21: =All_India_Index_Upto_April23__1___1[[#This Row],[Miscellaneous]]+All_India_Index_Upto_April23__1___1[[#This Row],[Personal care and effects]]+All_India_Index_Upto_April23__1___1[[#This Row],[Education]]+All_India_Index_Upto_April23__1___1[[#This Row],[Recreation and amusement]] -> 426.5 | AM21: =SUM(All_India_Index_Upto_April23__1___1[[#This Row],[Sum of others]],All_India_Index_Upto_April23__1___1[[#This Row],[Sum of clothing]],All_India_Index_Upto_April23__1___1[[#This Row],[Sum of Housing Exp]],All_India_Index_Upto_April23__1___1[[#This Row],[Sum of food expenses]],All_India_Index_Upto_April23__1___1[[#This Row],[Transport and communication]],All_India_Index_Upto_April23__1___1[[#This Row],[Health]],All_India_Index_Upto_April23__1___1[[#This Row],[Fuel and light]]) -> 2784
A22: Rural+Urban | B22: 2013 | C22: July | D22: =TEXT(DATE(B22, MONTH(1&C22), 1), "mmm-yy") -> Jul-13 | E22: 114.8 | F22: 116.4 | G22: 111.9 | H22: 108.9 | I22: 104.3 | J22: 111.7 | K22: 140 | L22: 106.4 | M22: 103.3 | N22: 106.8 | O22: 109.6 | P22: 112.6 | Q22: 114.7 | R22: 110.3 | S22: 110.2 | T22: 108.8 | U22: 110 | V22: 107.7 | W22: 109.2 | X22: 108.2 | Y22: 107 | Z22: 107.1 | AA22: 106.1 | AB22: 109.1 | AC22: 102.8 | AD22: 106.9 | AE22: 111 | AF22: =AVERAGE(All_India_Index_Upto_April23__1___1[[#This Row],[Cereals and products]:[Pan, tobacco and intoxicants]]) -> 112.26429 | AG22: =AVERAGE(All_India_Index_Upto_April23__1___1[[#This Row],[Household goods and services]],All_India_Index_Upto_April23__1___1[[#This Row],[Housing]]) -> 107.95 | AH22: =AVERAGE(All_India_Index_Upto_April23__1___1[[#This Row],[Miscellaneous]],All_India_Index_Upto_April23__1___1[[#This Row],[Personal care and effects]],All_India_Index_Upto_April23__1___1[[#This Row],[Education]],All_India_Index_Upto_April23__1___1[[#This Row],[Recreation and amusement]]) -> 106.225 | AI22: =SUM(All_India_Index_Upto_April23__1___1[[#This Row],[Cereals and products]:[Pan, tobacco and intoxicants]]) -> 1571.7 | AJ22: =SUM(All_India_Index_Upto_April23__1___1[[#This Row],[Household goods and services]],All_India_Index_Upto_April23__1___1[[#This Row],[Housing]]) -> 215.9 | AK22: =All_India_Index_Upto_April23__1___1[[#This Row],[Clothing]]+All_India_Index_Upto_April23__1___1[[#This Row],[Footwear]] -> 219 | AL22: =All_India_Index_Upto_April23__1___1[[#This Row],[Miscellaneous]]+All_India_Index_Upto_April23__1___1[[#This Row],[Personal care and effects]]+All_India_Index_Upto_April23__1___1[[#This Row],[Education]]+All_India_Index_Upto_April23__1___1[[#This Row],[Recreation and amusement]] -> 424.9 | AM22: =SUM(All_India_Index_Upto_April23__1___1[[#This Row],[Sum of others]],All_India_Index_Upto_April23__1___1[[#This Row],[Sum of clothing]],All_India_Index_Upto_April23__1___1[[#This Row],[Sum of Housing Exp]],All_India_Index_Upto_April23__1___1[[#This Row],[Sum of food expenses]],All_India_Index_Upto_April23__1___1[[#This Row],[Transport and communication]],All_India_Index_Upto_April23__1___1[[#This Row],[Health]],All_India_Index_Upto_April23__1___1[[#This Row],[Fuel and light]]) -> 2754.8
A23: Rural | B23: 2013 | C23: August | D23: =TEXT(DATE(B23, MONTH(1&C23), 1), "mmm-yy") -> Aug-13 | E23: 114.3 | F23: 115.4 | G23: 111.1 | H23: 110 | I23: 106.4 | J23: 110.8 | K23: 138.9 | L23: 107.4 | M23: 104.1 | N23: 106.9 | O23: 109.7 | P23: 112.6 | Q23: 114.9 | R23: 110.7 | S23: 111.3 | T23: 110.2 | U23: 111.1 | V23: ='Handle Missing Value Sheet only'!$F$5 -> 139.27097 | W23: 109.9 | X23: 108.7 | Y23: 107.5 | Z23: 107.8 | AA23: 106.8 | AB23: 108.7 | AC23: 105 | AD23: 107.5 | AE23: 112.1 | AF23: =AVERAGE(All_India_Index_Upto_April23__1___1[[#This Row],[Cereals and products]:[Pan, tobacco and intoxicants]]) -> 112.37143 | AG23: =AVERAGE(All_India_Index_Upto_April23__1___1[[#This Row],[Household goods and services]],All_India_Index_Upto_April23__1___1[[#This Row],[Housing]]) -> 123.98548 | AH23: =AVERAGE(All_India_Index_Upto_April23__1___1[[#This Row],[Miscellaneous]],All_India_Index_Upto_April23__1___1[[#This Row],[Personal care and effects]],All_India_Index_Upto_April23__1___1[[#This Row],[Education]],All_India_Index_Upto_April23__1___1[[#This Row],[Recreation and amusement]]) -> 107 | AI23: =SUM(All_India_Index_Upto_April23__1___1[[#This Row],[Cereals and products]:[Pan, tobacco and intoxicants]]) -> 1573.2 | AJ23: =SUM(All_India_Index_Upto_April23__1___1[[#This Row],[Household goods and services]],All_India_Index_Upto_April23__1___1[[#This Row],[Housing]]) -> 247.97097 | AK23: =All_India_Index_Upto_April23__1___1[[#This Row],[Clothing]]+All_India_Index_Upto_April23__1___1[[#This Row],[Footwear]] -> 221.5 | AL23: =All_India_Index_Upto_April23__1___1[[#This Row],[Miscellaneous]]+All_India_Index_Upto_April23__1___1[[#This Row],[Personal care and effects]]+All_India_Index_Upto_April23__1___1[[#This Row],[Education]]+All_India_Index_Upto_April23__1___1[[#This Row],[Recreation and amusement]] -> 428 | AM23: =SUM(All_India_Index_Upto_April23__1___1[[#This Row],[Sum of others]],All_India_Index_Upto_April23__1___1[[#This Row],[Sum of clothing]],All_India_Index_Upto_April23__1___1[[#This Row],[Sum of Housing Exp]],All_India_Index_Upto_April23__1___1[[#This Row],[Sum of food expenses]],All_India_Index_Upto_April23__1___1[[#This Row],[Transport and communication]],All_India_Index_Upto_April23__1___1[[#This Row],[Health]],All_India_Index_Upto_April23__1___1[[#This Row],[Fuel and light]]) -> 2795.871
A24: Urban | B24: 2013 | C24: August | D24: =TEXT(DATE(B24, MONTH(1&C24), 1), "mmm-yy") -> Aug-13 | E24: 118.3 | F24: 120.4 | G24: 112.7 | H24: 108.9 | I24: 101.1 | J24: 108.7 | K24: 177 | L24: 104.7 | M24: 101 | N24: 108.5 | O24: 110.9 | P24: 114.3 | Q24: 119.6 | R24: 112.4 | S24: 110.6 | T24: 108.3 | U24: 110.2 | V24: 108.9 | W24: 109.3 | X24: 108.7 | Y24: 107.6 | Z24: 108.1 | AA24: 106.5 | AB24: 110.8 | AC24: 106 | AD24: 108.3 | AE24: 112.7 | AF24: =AVERAGE(All_India_Index_Upto_April23__1___1[[#This Row],[Cereals and products]:[Pan, tobacco and intoxicants]]) -> 115.60714 | AG24: =AVERAGE(All_India_Index_Upto_April23__1___1[[#This Row],[Household goods and services]],All_India_Index_Upto_April23__1___1[[#This Row],[Housing]]) -> 108.8 | AH24: =AVERAGE(All_India_Index_Upto_April23__1___1[[#This Row],[Miscellaneous]],All_India_Index_Upto_April23__1___1[[#This Row],[Personal care and effects]],All_India_Index_Upto_April23__1___1[[#This Row],[Education]],All_India_Index_Upto_April23__1___1[[#This Row],[Recreation and amusement]]) -> 107.9 | AI24: =SUM(All_India_Index_Upto_April23__1___1[[#This Row],[Cereals and products]:[Pan, tobacco and intoxicants]]) -> 1618.5 | AJ24: =SUM(All_India_Index_Upto_April23__1___1[[#This Row],[Household goods and services]],All_India_Index_Upto_April23__1___1[[#This Row],[Housing]]) -> 217.6 | AK24: =All_India_Index_Upto_April23__1___1[[#This Row],[Clothing]]+All_India_Index_Upto_April23__1___1[[#This Row],[Footwear]] -> 218.9 | AL24: =All_India_Index_Upto_April23__1___1[[#This Row],[Miscellaneous]]+All_India_Index_Upto_April23__1___1[[#This Row],[Personal care and effects]]+All_India_Index_Upto_April23__1___1[[#This Row],[Education]]+All_India_Index_Upto_April23__1___1[[#This Row],[Recreation and amusement]] -> 431.6 | AM24: =SUM(All_India_Index_Upto_April23__1___1[[#This Row],[Sum of others]],All_India_Index_Upto_April23__1___1[[#This Row],[Sum of clothing]],All_India_Index_Upto_April23__1___1[[#This Row],[Sum of Housing Exp]],All_India_Index_Upto_April23__1___1[[#This Row],[Sum of food expenses]],All_India_Index_Upto_April23__1___1[[#This Row],[Transport and communication]],All_India_Index_Upto_April23__1___1[[#This Row],[Health]],All_India_Index_Upto_April23__1___1[[#This Row],[Fuel and light]]) -> 2811.6
A25: Rural+Urban | B25: 2013 | C25: August | D25: =TEXT(DATE(B25, MONTH(1&C25), 1), "mmm-yy") -> Aug-13 | E25: 115.6 | F25: 117.2 | G25: 111.7 | H25: 109.6 | I25: 104.5 | J25: 109.8 | K25: 151.8 | L25: 106.5 | M25: 103.1 | N25: 107.4 | O25: 110.2 | P25: 113.4 | Q25: 116.6 | R25: 111.2 | S25: 111 | T25: 109.4 | U25: 110.7 | V25: 108.9 | W25: 109.7 | X25: 108.7 | Y25: 107.5 | Z25: 108 | AA25: 106.6 | AB25: 109.9 | AC25: 105.4 | AD25: 107.9 | AE25: 112.4 | AF25: =AVERAGE(All_India_Index_Upto_April23__1___1[[#This Row],[Cereals and products]:[Pan, tobacco and intoxicants]]) -> 113.47143 | AG25: =AVERAGE(All_India_Index_Upto_April23__1___1[[#This Row],[Household goods and services]],All_India_Index_Upto_April23__1___1[[#This Row],[Housing]]) -> 108.8 | AH25: =AVERAGE(All_India_Index_Upto_April23__1___1[[#This Row],[Miscellaneous]],All_India_Index_Upto_April23__1___1[[#This Row],[Personal care and effects]],All_India_Index_Upto_April23__1___1[[#This Row],[Education]],All_India_Index_Upto_April23__1___1[[#This Row],[Recreation and amusement]]) -> 107.45 | AI25: =SUM(All_India_Index_Upto_April23__1___1[[#This Row],[Cereals and products]:[Pan, tobacco and intoxicants]]) -> 1588.6 | AJ25: =SUM(All_India_Index_Upto_April23__1___1[[#This Row],[Household goods and services]],All_India_Index_Upto_April23__1___1[[#This Row],[Housing]]) -> 217.6 | AK25: =All_India_Index_Upto_April23__1___1[[#This Row],[Clothing]]+All_India_Index_Upto_April23__1___1[[#This Row],[Footwear]] -> 220.4 | AL25: =All_India_Index_Upto_April23__1___1[[#This Row],[Miscellaneous]]+All_India_Index_Upto_April23__1___1[[#This Row],[Personal care and effects]]+All_India_Index_Upto_April23__1___1[[#This Row],[Education]]+All_India_Index_Upto_April23__1___1[[#This Row],[Recreation and amusement]] -> 429.8 | AM25: =SUM(All_India_Index_Upto_April23__1___1[[#This Row],[Sum of others]],All_India_Index_Upto_April23__1___1[[#This Row],[Sum of clothing]],All_India_Index_Upto_April23__1___1[[#This Row],[Sum of Housing Exp]],All_India_Index_Upto_April23__1___1[[#This Row],[Sum of food expenses]],All_India_Index_Upto_April23__1___1[[#This Row],[Transport and communication]],All_India_Index_Upto_April23__1___1[[#This Row],[Health]],All_India_Index_Upto_April23__1___1[[#This Row],[Fuel and light]]) -> 2781.6
A26: Rural | B26: 2013 | C26: September | D26: =TEXT(DATE(B26, MONTH(1&C26), 1), "mmm-yy") -> Sep-13 | E26: 115.4 | F26: 115.7 | G26: 111.7 | H26: 111 | I26: 107.4 | J26: 110.9 | K26: 154 | L26: 108.1 | M26: 104.2 | N26: 107.9 | O26: 110.4 | P26: 114 | Q26: 117.8 | R26: 111.7 | S26: 112.7 | T26: 111.4 | U26: 112.5 | V26: ='Handle Missing Value Sheet only'!$F$5 -> 139.27097 | W26: 111.1 | X26: 109.6 | Y26: 108.3 | Z26: 109.3 | AA26: 107.7 | AB26: 109.8 | AC26: 106.7 | AD26: 108.7 | AE26: 114.2 | AF26: =AVERAGE(All_India_Index_Upto_April23__1___1[[#This Row],[Cereals and products]:[Pan, tobacco and intoxicants]]) -> 114.3 | AG26: =AVERAGE(All_India_Index_Upto_April23__1___1[[#This Row],[Household goods and services]],All_India_Index_Upto_April23__1___1[[#This Row],[Housing]]) -> 124.43548 | AH26: =AVERAGE(All_India_Index_Upto_April23__1___1[[#This Row],[Miscellaneous]],All_India_Index_Upto_April23__1___1[[#This Row],[Personal care and effects]],All_India_Index_Upto_April23__1___1[[#This Row],[Education]],All_India_Index_Upto_April23__1___1[[#This Row],[Recreation and amusement]]) -> 108.225 | AI26: =SUM(All_India_Index_Upto_April23__1___1[[#This Row],[Cereals and products]:[Pan, tobacco and intoxicants]]) -> 1600.2 | AJ26: =SUM(All_India_Index_Upto_April23__1___1[[#This Row],[Household goods and services]],All_India_Index_Upto_April23__1___1[[#This Row],[Housing]]) -> 248.87097 | AK26: =All_India_Index_Upto_April23__1___1[[#This Row],[Clothing]]+All_India_Index_Upto_April23__1___1[[#This Row],[Footwear]] -> 224.1 | AL26: =All_India_Index_Upto_April23__1___1[[#This Row],[Miscellaneous]]+All_India_Index_Upto_April23__1___1[[#This Row],[Personal care and effects]]+All_India_Index_Upto_April23__1___1[[#This Row],[Education]]+All_India_Index_Upto_April23__1___1[[#This Row],[Recreation and amusement]] -> 432.9 | AM26: =SUM(All_India_Index_Upto_April23__1___1[[#This Row],[Sum of others]],All_India_Index_Upto_April23__1___1[[#This Row],[Sum of clothing]],All_India_Index_Upto_April23__1___1[[#This Row],[Sum of Housing Exp]],All_India_Index_Upto_April23__1___1[[#This Row],[Sum of food expenses]],All_India_Index_Upto_April23__1___1[[#This Row],[Transport and communication]],All_India_Index_Upto_April23__1___1[[#This Row],[Health]],All_India_Index_Upto_April23__1___1[[#This Row],[Fuel and light]]) -> 2834.771
A27: Urban | B27: 2013 | C27: September | D27: =TEXT(DATE(B27, MONTH(1&C27), 1), "mmm-yy") -> Sep-13 | E27: 118.6 | F27: 119.1 | G27: 113.2 | H27: 109.6 | I27: 101.7 | J27: 103.2 | K27: 174.3 | L27: 105.1 | M27: 100.8 | N27: 109.1 | O27: 111.1 | P27: 115.4 | Q27: 119.2 | R27: 112.9 | S27: 111.4 | T27: 109 | U27: 111.1 | V27: 109.7 | W27: 109.5 | X27: 109.6 | Y27: 107.9 | Z27: 110.4 | AA27: 107.4 | AB27: 111.2 | AC27: 106.9 | AD27: 109.4 | AE27: 113.2 | AF27: =AVERAGE(All_India_Index_Upto_April23__1___1[[#This Row],[Cereals and products]:[Pan, tobacco and intoxicants]]) -> 115.23571 | AG27: =AVERAGE(All_India_Index_Upto_April23__1___1[[#This Row],[Household goods and services]],All_India_Index_Upto_April23__1___1[[#This Row],[Housing]]) -> 109.65 | AH27: =AVERAGE(All_India_Index_Upto_April23__1___1[[#This Row],[Miscellaneous]],All_India_Index_Upto_April23__1___1[[#This Row],[Personal care and effects]],All_India_Index_Upto_April23__1___1[[#This Row],[Education]],All_India_Index_Upto_April23__1___1[[#This Row],[Recreation and amusement]]) -> 108.725 | AI27: =SUM(All_India_Index_Upto_April23__1___1[[#This Row],[Cereals and products]:[Pan, tobacco and intoxicants]]) -> 1613.3 | AJ27: =SUM(All_India_Index_Upto_April23__1___1[[#This Row],[Household goods and services]],All_India_Index_Upto_April23__1___1[[#This Row],[Housing]]) -> 219.3 | AK27: =All_India_Index_Upto_April23__1___1[[#This Row],[Clothing]]+All_India_Index_Upto_April23__1___1[[#This Row],[Footwear]] -> 220.4 | AL27: =All_India_Index_Upto_April23__1___1[[#This Row],[Miscellaneous]]+All_India_Index_Upto_April23__1___1[[#This Row],[Personal care and effects]]+All_India_Index_Upto_April23__1___1[[#This Row],[Education]]+All_India_Index_Upto_April23__1___1[[#This Row],[Recreation and amusement]] -> 434.9 | AM27: =SUM(All_India_Index_Upto_April23__1___1[[#This Row],[Sum of others]],All_India_Index_Upto_April23__1___1[[#This Row],[Sum of clothing]],All_India_Index_Upto_April23__1___1[[#This Row],[Sum of Housing Exp]],All_India_Index_Upto_April23__1___1[[#This Row],[Sum of food expenses]],All_India_Index_Upto_April23__1___1[[#This Row],[Transport and communication]],All_India_Index_Upto_April23__1___1[[#This Row],[Health]],All_India_Index_Upto_April23__1___1[[#This Row],[Fuel and light]]) -> 2815.7
A28: Rural+Urban | B28: 2013 | C28: September | D28: =TEXT(DATE(B28, MONTH(1&C28), 1), "mmm-yy") -> Sep-13 | E28: 116.4 | F28: 116.9 | G28: 112.3 | H28: 110.5 | I28: 105.3 | J28: 107.3 | K28: 160.9 | L28: 107.1 | M28: 103.1 | N28: 108.3 | O28: 110.7 | P28: 114.6 | Q28: 118.3 | R28: 112 | S28: 112.2 | T28: 110.4 | U28: 111.9 | V28: 109.7 | W28: 110.5 | X28: 109.6 | Y28: 108.1 | Z28: 109.9 | AA28: 107.5 | AB28: 110.6 | AC28: 106.8 | AD28: 109 | AE28: 113.7 | AF28: =AVERAGE(All_India_Index_Upto_April23__1___1[[#This Row],[Cereals and products]:[Pan, tobacco and intoxicants]]) -> 114.55 | AG28: =AVERAGE(All_India_Index_Upto_April23__1___1[[#This Row],[Household goods and services]],All_India_Index_Upto_April23__1___1[[#This Row],[Housing]]) -> 109.65 | AH28: =AVERAGE(All_India_Index_Upto_April23__1___1[[#This Row],[Miscellaneous]],All_India_Index_Upto_April23__1___1[[#This Row],[Personal care and effects]],All_India_Index_Upto_April23__1___1[[#This Row],[Education]],All_India_Index_Upto_April23__1___1[[#This Row],[Recreation and amusement]]) -> 108.475 | AI28: =SUM(All_India_Index_Upto_April23__1___1[[#This Row],[Cereals and products]:[Pan, tobacco and intoxicants]]) -> 1603.7 | AJ28: =SUM(All_India_Index_Upto_April23__1___1[[#This Row],[Household goods and services]],All_India_Index_Upto_April23__1___1[[#This Row],[Housing]]) -> 219.3 | AK28: =All_India_Index_Upto_April23__1___1[[#This Row],[Clothing]]+All_India_Index_Upto_April23__1___1[[#This Row],[Footwear]] -> 222.6 | AL28: =All_India_Index_Upto_April23__1___1[[#This Row],[Miscellaneous]]+All_India_Index_Upto_April23__1___1[[#This Row],[Personal care and effects]]+All_India_Index_Upto_April23__1___1[[#This Row],[Education]]+All_India_Index_Upto_April23__1___1[[#This Row],[Recreation and amusement]] -> 433.9 | AM28: =SUM(All_India_Index_Upto_April23__1___1[[#This Row],[Sum of others]],All_India_Index_Upto_April23__1___1[[#This Row],[Sum of clothing]],All_India_Index_Upto_April23__1___1[[#This Row],[Sum of Housing Exp]],All_India_Index_Upto_April23__1___1[[#This Row],[Sum of food expenses]],All_India_Index_Upto_April23__1___1[[#This Row],[Transport and communication]],All_India_Index_Upto_April23__1___1[[#This Row],[Health]],All_India_Index_Upto_April23__1___1[[#This Row],[Fuel and light]]) -> 2808
A29: Rural | B29: 2013 | C29: October | D29: =TEXT(DATE(B29, MONTH(1&C29), 1), "mmm-yy") -> Oct-13 | E29: 116.3 | F29: 115.4 | G29: 112.6 | H29: 111.7 | I29: 107.7 | J29: 113.2 | K29: 164.9 | L29: 108.3 | M29: 103.9 | N29: 108.2 | O29: 111.1 | P29: 114.9 | Q29: 119.8 | R29: 112.2 | S29: 113.6 | T29: 112.3 | U29: 113.4 | V29: ='Handle Missing Value Sheet only'!$F$5 -> 139.27097 | W29: 111.6 | X29: 110.4 | Y29: 108.9 | Z29: 109.3 | AA29: 108.3 | AB29: 110.2 | AC29: 107.5 | AD29: 109.1 | AE29: 115.5 | AF29: =AVERAGE(All_India_Index_Upto_April23__1___1[[#This Row],[Cereals and products]:[Pan, tobacco and intoxicants]]) -> 115.72857 | AG29: =AVERAGE(All_India_Index_Upto_April23__1___1[[#This Row],[Household goods and services]],All_India_Index_Upto_April23__1___1[[#This Row],[Housing]]) -> 124.83548 | AH29: =AVERAGE(All_India_Index_Upto_April23__1___1[[#This Row],[Miscellaneous]],All_India_Index_Upto_April23__1___1[[#This Row],[Personal care and effects]],All_India_Index_Upto_April23__1___1[[#This Row],[Education]],All_India_Index_Upto_April23__1___1[[#This Row],[Recreation and amusement]]) -> 108.775 | AI29: =SUM(All_India_Index_Upto_April23__1___1[[#This Row],[Cereals and products]:[Pan, tobacco and intoxicants]]) -> 1620.2 | AJ29: =SUM(All_India_Index_Upto_April23__1___1[[#This Row],[Household goods and services]],All_India_Index_Upto_April23__1___1[[#This Row],[Housing]]) -> 249.67097 | AK29: =All_India_Index_Upto_April23__1___1[[#This Row],[Clothing]]+All_India_Index_Upto_April23__1___1[[#This Row],[Footwear]] -> 225.9 | AL29: =All_India_Index_Upto_April23__1___1[[#This Row],[Miscellaneous]]+All_India_Index_Upto_April23__1___1[[#This Row],[Personal care and effects]]+All_India_Index_Upto_April23__1___1[[#This Row],[Education]]+All_India_Index_Upto_April23__1___1[[#This Row],[Recreation and amusement]] -> 435.1 | AM29: =SUM(All_India_Index_Upto_April23__1___1[[#This Row],[Sum of others]],All_India_Index_Upto_April23__1___1[[#This Row],[Sum of clothing]],All_India_Index_Upto_April23__1___1[[#This Row],[Sum of Housing Exp]],All_India_Index_Upto_April23__1___1[[#This Row],[Sum of food expenses]],All_India_Index_Upto_April23__1___1[[#This Row],[Transport and communication]],All_India_Index_Upto_April23__1___1[[#This Row],[Health]],All_India_Index_Upto_April23__1___1[[#This Row],[Fuel and light]]) -> 2860.671
A30: Urban | B30: 2013 | C30: October | D30: =TEXT(DATE(B30, MONTH(1&C30), 1), "mmm-yy") -> Oct-13 | E30: 118.9 | F30: 118.1 | G30: 114.5 | H30: 110.4 | I30: 102.3 | J30: 106.2 | K30: 183.5 | L30: 105.3 | M30: 100.2 | N30: 109.6 | O30: 111.4 | P30: 116 | Q30: 120.8 | R30: 113.5 | S30: 112.5 | T30: 109.7 | U30: 112 | V30: 110.5 | W30: 109.7 | X30: 110.2 | Y30: 108.2 | Z30: 109.7 | AA30: 108 | AB30: 111.3 | AC30: 107.3 | AD30: 109.4 | AE30: 114 | AF30: =AVERAGE(All_India_Index_Upto_April23__1___1[[#This Row],[Cereals and products]:[Pan, tobacco and intoxicants]]) -> 116.47857 | AG30: =AVERAGE(All_India_Index_Upto_April23__1___1[[#This Row],[Household goods and services]],All_India_Index_Upto_April23__1___1[[#This Row],[Housing]]) -> 110.35 | AH30: =AVERAGE(All_India_Index_Upto_April23__1___1[[#This Row],[Miscellaneous]],All_India_Index_Upto_April23__1___1[[#This Row],[Personal care and effects]],All_India_Index_Upto_April23__1___1[[#This Row],[Education]],All_India_Index_Upto_April23__1___1[[#This Row],[Recreation and amusement]]) -> 109 | AI30: =SUM(All_India_Index_Upto_April23__1___1[[#This Row],[Cereals and products]:[Pan, tobacco and intoxicants]]) -> 1630.7 | AJ30: =SUM(All_India_Index_Upto_April23__1___1[[#This Row],[Household goods and services]],All_India_Index_Upto_April23__1___1[[#This Row],[Housing]]) -> 220.7 | AK30: =All_India_Index_Upto_April23__1___1[[#This Row],[Clothing]]+All_India_Index_Upto_April23__1___1[[#This Row],[Footwear]] -> 222.2 | AL30: =All_India_Index_Upto_April23__1___1[[#This Row],[Miscellaneous]]+All_India_Index_Upto_April23__1___1[[#This Row],[Personal care and effects]]+All_India_Index_Upto_April23__1___1[[#This Row],[Education]]+All_India_Index_Upto_April23__1___1[[#This Row],[Recreation and amusement]] -> 436 | AM30: =SUM(All_India_Index_Upto_April23__1___1[[#This Row],[Sum of others]],All_India_Index_Upto_April23__1___1[[#This Row],[Sum of clothing]],All_India_Index_Upto_April23__1___1[[#This Row],[Sum of Housing Exp]],All_India_Index_Upto_April23__1___1[[#This Row],[Sum of food expenses]],All_India_Index_Upto_April23__1___1[[#This Row],[Transport and communication]],All_India_Index_Upto_April23__1___1[[#This Row],[Health]],All_India_Index_Upto_April23__1___1[[#This Row],[Fuel and light]]) -> 2837.2
A31: Rural+Urban | B31: 2013 | C31: October | D31: =TEXT(DATE(B31, MONTH(1&C31), 1), "mmm-yy") -> Oct-13 | E31: 117.1 | F31: 116.3 | G31: 113.3 | H31: 111.2 | I31: 105.7 | J31: 109.9 | K31: 171.2 | L31: 107.3 | M31: 102.7 | N31: 108.7 | O31: 111.2 | P31: 115.4 | Q31: 120.2 | R31: 112.5 | S31: 113.2 | T31: 111.2 | U31: 112.8 | V31: 110.5 | W31: 110.9 | X31: 110.3 | Y31: 108.6 | Z31: 109.5 | AA31: 108.1 | AB31: 110.8 | AC31: 107.4 | AD31: 109.2 | AE31: 114.8 | AF31: =AVERAGE(All_India_Index_Upto_April23__1___1[[#This Row],[Cereals and products]:[Pan, tobacco and intoxicants]]) -> 115.90714 | AG31: =AVERAGE(All_India_Index_Upto_April23__1___1[[#This Row],[Household goods and services]],All_India_Index_Upto_April23__1___1[[#This Row],[Housing]]) -> 110.4 | AH31: =AVERAGE(All_India_Index_Upto_April23__1___1[[#This Row],[Miscellaneous]],All_India_Index_Upto_April23__1___1[[#This Row],[Personal care and effects]],All_India_Index_Upto_April23__1___1[[#This Row],[Education]],All_India_Index_Upto_April23__1___1[[#This Row],[Recreation and amusement]]) -> 108.875 | AI31: =SUM(All_India_Index_Upto_April23__1___1[[#This Row],[Cereals and products]:[Pan, tobacco and intoxicants]]) -> 1622.7 | AJ31: =SUM(All_India_Index_Upto_April23__1___1[[#This Row],[Household goods and services]],All_India_Index_Upto_April23__1___1[[#This Row],[Housing]]) -> 220.8 | AK31: =All_India_Index_Upto_April23__1___1[[#This Row],[Clothing]]+All_India_Index_Upto_April23__1___1[[#This Row],[Footwear]] -> 224.4 | AL31: =All_India_Index_Upto_April23__1___1[[#This Row],[Miscellaneous]]+All_India_Index_Upto_April23__1___1[[#This Row],[Personal care and effects]]+All_India_Index_Upto_April23__1___1[[#This Row],[Education]]+All_India_Index_Upto_April23__1___1[[#This Row],[Recreation and amusement]] -> 435.5 | AM31: =SUM(All_India_Index_Upto_April23__1___1[[#This Row],[Sum of others]],All_India_Index_Upto_April23__1___1[[#This Row],[Sum of clothing]],All_India_Index_Upto_April23__1___1[[#This Row],[Sum of Housing Exp]],All_India_Index_Upto_April23__1___1[[#This Row],[Sum of food expenses]],All_India_Index_Upto_April23__1___1[[#This Row],[Transport and communication]],All_India_Index_Upto_April23__1___1[[#This Row],[Health]],All_India_Index_Upto_April23__1___1[[#This Row],[Fuel and light]]) -> 2832.4
A32: Rural | B32: 2013 | C32: November | D32: =TEXT(DATE(B32, MONTH(1&C32), 1), "mmm-yy") -> Nov-13 | E32: 117.3 | F32: 114.9 | G32: 116.2 | H32: 112.8 | I32: 108.9 | J32: 116.6 | K32: 178.1 | L32: 109.1 | M32: 103.6 | N32: 109 | O32: 111.8 | P32: 116 | Q32: 122.5 | R32: 112.8 | S32: 114.6 | T32: 113.1 | U32: 114.4 | V32: ='Handle Missing Value Sheet only'!$F$5 -> 139.27097 | W32: 112.6 | X32: 111.3 | Y32: 109.7 | Z32: 109.6 | AA32: 108.7 | AB32: 111 | AC32: 108.2 | AD32: 109.8 | AE32: 117.4 | AF32: =AVERAGE(All_India_Index_Upto_April23__1___1[[#This Row],[Cereals and products]:[Pan, tobacco and intoxicants]]) -> 117.82857 | AG32: =AVERAGE(All_India_Index_Upto_April23__1___1[[#This Row],[Household goods and services]],All_India_Index_Upto_April23__1___1[[#This Row],[Housing]]) -> 125.28548 | AH32: =AVERAGE(All_India_Index_Upto_April23__1___1[[#This Row],[Miscellaneous]],All_India_Index_Upto_April23__1___1[[#This Row],[Personal care and effects]],All_India_Index_Upto_April23__1___1[[#This Row],[Education]],All_India_Index_Upto_April23__1___1[[#This Row],[Recreation and amusement]]) -> 109.425 | AI32: =SUM(All_India_Index_Upto_April23__1___1[[#This Row],[Cereals and products]:[Pan, tobacco and intoxicants]]) -> 1649.6 | AJ32: =SUM(All_India_Index_Upto_April23__1___1[[#This Row],[Household goods and services]],All_India_Index_Upto_April23__1___1[[#This Row],[Housing]]) -> 250.57097 | AK32: =All_India_Index_Upto_April23__1___1[[#This Row],[Clothing]]+All_India_Index_Upto_April23__1___1[[#This Row],[Footwear]] -> 227.7 | AL32: =All_India_Index_Upto_April23__1___1[[#This Row],[Miscellaneous]]+All_India_Index_Upto_April23__1___1[[#This Row],[Personal care and effects]]+All_India_Index_Upto_April23__1___1[[#This Row],[Education]]+All_India_Index_Upto_April23__1___1[[#This Row],[Recreation and amusement]] -> 437.7 | AM32: =SUM(All_India_Index_Upto_April23__1___1[[#This Row],[Sum of others]],All_India_Index_Upto_April23__1___1[[#This Row],[Sum of clothing]],All_India_Index_Upto_April23__1___1[[#This Row],[Sum of Housing Exp]],All_India_Index_Upto_April23__1___1[[#This Row],[Sum of food expenses]],All_India_Index_Upto_April23__1___1[[#This Row],[Transport and communication]],All_India_Index_Upto_April23__1___1[[#This Row],[Health]],All_India_Index_Upto_April23__1___1[[#This Row],[Fuel and light]]) -> 2897.471
A33: Urban | B33: 2013 | C33: November | D33: =TEXT(DATE(B33, MONTH(1&C33), 1), "mmm-yy") -> Nov-13 | E33: 119.8 | F33: 116.3 | G33: 122.6 | H33: 112 | I33: 103.2 | J33: 110 | K33: 192.8 | L33: 106.3 | M33: 99.5 | N33: 110.3 | O33: 111.8 | P33: 117.1 | Q33: 122.9 | R33: 114.1 | S33: 113.5 | T33: 110.3 | U33: 113 | V33: 111.1 | W33: 110 | X33: 110.9 | Y33: 108.6 | Z33: 109.5 | AA33: 108.5 | AB33: 111.3 | AC33: 107.9 | AD33: 109.6 | AE33: 115 | AF33: =AVERAGE(All_India_Index_Upto_April23__1___1[[#This Row],[Cereals and products]:[Pan, tobacco and intoxicants]]) -> 118.47857 | AG33: =AVERAGE(All_India_Index_Upto_April23__1___1[[#This Row],[Household goods and services]],All_India_Index_Upto_April23__1___1[[#This Row],[Housing]]) -> 111 | AH33: =AVERAGE(All_India_Index_Upto_April23__1___1[[#This Row],[Miscellaneous]],All_India_Index_Upto_April23__1___1[[#This Row],[Personal care and effects]],All_India_Index_Upto_April23__1___1[[#This Row],[Education]],All_India_Index_Upto_April23__1___1[[#This Row],[Recreation and amusement]]) -> 109.325 | AI33: =SUM(All_India_Index_Upto_April23__1___1[[#This Row],[Cereals and products]:[Pan, tobacco and intoxicants]]) -> 1658.7 | AJ33: =SUM(All_India_Index_Upto_April23__1___1[[#This Row],[Household goods and services]],All_India_Index_Upto_April23__1___1[[#This Row],[Housing]]) -> 222 | AK33: =All_India_Index_Upto_April23__1___1[[#This Row],[Clothing]]+All_India_Index_Upto_April23__1___1[[#This Row],[Footwear]] -> 223.8 | AL33: =All_India_Index_Upto_April23__1___1[[#This Row],[Miscellaneous]]+All_India_Index_Upto_April23__1___1[[#This Row],[Personal care and effects]]+All_India_Index_Upto_April23__1___1[[#This Row],[Education]]+All_India_Index_Upto_April23__1___1[[#This Row],[Recreation and amusement]] -> 437.3 | AM33: =SUM(All_India_Index_Upto_April23__1___1[[#This Row],[Sum of others]],All_India_Index_Upto_April23__1___1[[#This Row],[Sum of clothing]],All_India_Index_Upto_April23__1___1[[#This Row],[Sum of Housing Exp]],All_India_Index_Upto_April23__1___1[[#This Row],[Sum of food expenses]],All_India_Index_Upto_April23__1___1[[#This Row],[Transport and communication]],All_India_Index_Upto_April23__1___1[[#This Row],[Health]],All_India_Index_Upto_April23__1___1[[#This Row],[Fuel and light]]) -> 2869.9
A34: Rural+Urban | B34: 2013 | C34: November | D34: =TEXT(DATE(B34, MONTH(1&C34), 1), "mmm-yy") -> Nov-13 | E34: 118.1 | F34: 115.4 | G34: 118.7 | H34: 112.5 | I34: 106.8 | J34: 113.5 | K34: 183.1 | L34: 108.2 | M34: 102.2 | N34: 109.4 | O34: 111.8 | P34: 116.5 | Q34: 122.6 | R34: 113.1 | S34: 114.2 | T34: 111.9 | U34: 113.8 | V34: 111.1 | W34: 111.6 | X34: 111.1 | Y34: 109.3 | Z34: 109.5 | AA34: 108.6 | AB34: 111.2 | AC34: 108.1 | AD34: 109.7 | AE34: 116.3 | AF34: =AVERAGE(All_India_Index_Upto_April23__1___1[[#This Row],[Cereals and products]:[Pan, tobacco and intoxicants]]) -> 117.99286 | AG34: =AVERAGE(All_India_Index_Upto_April23__1___1[[#This Row],[Household goods and services]],All_India_Index_Upto_April23__1___1[[#This Row],[Housing]]) -> 111.1 | AH34: =AVERAGE(All_India_Index_Upto_April23__1___1[[#This Row],[Miscellaneous]],All_India_Index_Upto_April23__1___1[[#This Row],[Personal care and effects]],All_India_Index_Upto_April23__1___1[[#This Row],[Education]],All_India_Index_Upto_April23__1___1[[#This Row],[Recreation and amusement]]) -> 109.4 | AI34: =SUM(All_India_Index_Upto_April23__1___1[[#This Row],[Cereals and products]:[Pan, tobacco and intoxicants]]) -> 1651.9 | AJ34: =SUM(All_India_Index_Upto_April23__1___1[[#This Row],[Household goods and services]],All_India_Index_Upto_April23__1___1[[#This Row],[Housing]]) -> 222.2 | AK34: =All_India_Index_Upto_April23__1___1[[#This Row],[Clothing]]+All_India_Index_Upto_April23__1___1[[#This Row],[Footwear]] -> 226.1 | AL34: =All_India_Index_Upto_April23__1___1[[#This Row],[Miscellaneous]]+All_India_Index_Upto_April23__1___1[[#This Row],[Personal care and effects]]+All_India_Index_Upto_April23__1___1[[#This Row],[Education]]+All_India_Index_Upto_April23__1___1[[#This Row],[Recreation and amusement]] -> 437.6 | AM34: =SUM(All_India_Index_Upto_April23__1___1[[#This Row],[Sum of others]],All_India_Index_Upto_April23__1___1[[#This Row],[Sum of clothing]],All_India_Index_Upto_April23__1___1[[#This Row],[Sum of Housing Exp]],All_India_Index_Upto_April23__1___1[[#This Row],[Sum of food expenses]],All_India_Index_Upto_April23__1___1[[#This Row],[Transport and communication]],All_India_Index_Upto_April23__1___1[[#This Row],[Health]],All_India_Index_Upto_April23__1___1[[#This Row],[Fuel and light]]) -> 2868.2
A35: Rural | B35: 2013 | C35: December | D35: =TEXT(DATE(B35, MONTH(1&C35), 1), "mmm-yy") -> Dec-13 | E35: 118.4 | F35: 115.9 | G35: 120.4 | H35: 113.8 | I35: 109.5 | J35: 115.5 | K35: 145.7 | L35: 109.5 | M35: 102.9 | N35: 109.8 | O35: 112.1 | P35: 116.8 | Q35: 118.7 | R35: 113.6 | S35: 115.8 | T35: 114 | U35: 115.5 | V35: ='Handle Missing Value Sheet only'!$F$5 -> 139.27097 | W35: 112.8 | X35: 112.1 | Y35: 110.1 | Z35: 109.9 | AA35: 109.2 | AB35: 111.6 | AC35: 108.1 | AD35: 110.1 | AE35: 115.5 | AF35: =AVERAGE(All_India_Index_Upto_April23__1___1[[#This Row],[Cereals and products]:[Pan, tobacco and intoxicants]]) -> 115.9 | AG35: =AVERAGE(All_India_Index_Upto_April23__1___1[[#This Row],[Household goods and services]],All_India_Index_Upto_April23__1___1[[#This Row],[Housing]]) -> 125.68548 | AH35: =AVERAGE(All_India_Index_Upto_April23__1___1[[#This Row],[Miscellaneous]],All_India_Index_Upto_April23__1___1[[#This Row],[Personal care and effects]],All_India_Index_Upto_April23__1___1[[#This Row],[Education]],All_India_Index_Upto_April23__1___1[[#This Row],[Recreation and amusement]]) -> 109.75 | AI35: =SUM(All_India_Index_Upto_April23__1___1[[#This Row],[Cereals and products]:[Pan, tobacco and intoxicants]]) -> 1622.6 | AJ35: =SUM(All_India_Index_Upto_April23__1___1[[#This Row],[Household goods and services]],All_India_Index_Upto_April23__1___1[[#This Row],[Housing]]) -> 251.37097 | AK35: =All_India_Index_Upto_April23__1___1[[#This Row],[Clothing]]+All_India_Index_Upto_April23__1___1[[#This Row],[Footwear]] -> 229.8 | AL35: =All_India_Index_Upto_April23__1___1[[#This Row],[Miscellaneous]]+All_India_Index_Upto_April23__1___1[[#This Row],[Personal care and effects]]+All_India_Index_Upto_April23__1___1[[#This Row],[Education]]+All_India_Index_Upto_April23__1___1[[#This Row],[Recreation and amusement]] -> 439 | AM35: =SUM(All_India_Index_Upto_April23__1___1[[#This Row],[Sum of others]],All_India_Index_Upto_April23__1___1[[#This Row],[Sum of clothing]],All_India_Index_Upto_April23__1___1[[#This Row],[Sum of Housing Exp]],All_India_Index_Upto_April23__1___1[[#This Row],[Sum of food expenses]],All_India_Index_Upto_April23__1___1[[#This Row],[Transport and communication]],All_India_Index_Upto_April23__1___1[[#This Row],[Health]],All_India_Index_Upto_April23__1___1[[#This Row],[Fuel and light]]) -> 2875.571
A36: Urban | B36: 2013 | C36: December | D36: =TEXT(DATE(B36, MONTH(1&C36), 1), "mmm-yy") -> Dec-13 | E36: 120.5 | F36: 118.1 | G36: 128.5 | H36: 112.8 | I36: 103.4 | J36: 110.7 | K36: 144.8 | L36: 107.1 | M36: 98.6 | N36: 111.9 | O36: 112.1 | P36: 118.1 | Q36: 117.8 | R36: 115 | S36: 114.2 | T36: 110.9 | U36: 113.7 | V36: 110.7 | W36: 110.4 | X36: 111.3 | Y36: 109 | Z36: 109.7 | AA36: 108.9 | AB36: 111.4 | AC36: 107.7 | AD36: 109.8 | AE36: 113.3 | AF36: =AVERAGE(All_India_Index_Upto_April23__1___1[[#This Row],[Cereals and products]:[Pan, tobacco and intoxicants]]) -> 115.67143 | AG36: =AVERAGE(All_India_Index_Upto_April23__1___1[[#This Row],[Household goods and services]],All_India_Index_Upto_April23__1___1[[#This Row],[Housing]]) -> 111 | AH36: =AVERAGE(All_India_Index_Upto_April23__1___1[[#This Row],[Miscellaneous]],All_India_Index_Upto_April23__1___1[[#This Row],[Personal care and effects]],All_India_Index_Upto_April23__1___1[[#This Row],[Education]],All_India_Index_Upto_April23__1___1[[#This Row],[Recreation and amusement]]) -> 109.45 | AI36: =SUM(All_India_Index_Upto_April23__1___1[[#This Row],[Cereals and products]:[Pan, tobacco and intoxicants]]) -> 1619.4 | AJ36: =SUM(All_India_Index_Upto_April23__1___1[[#This Row],[Household goods and services]],All_India_Index_Upto_April23__1___1[[#This Row],[Housing]]) -> 222 | AK36: =All_India_Index_Upto_April23__1___1[[#This Row],[Clothing]]+All_India_Index_Upto_April23__1___1[[#This Row],[Footwear]] -> 225.1 | AL36: =All_India_Index_Upto_April23__1___1[[#This Row],[Miscellaneous]]+All_India_Index_Upto_April23__1___1[[#This Row],[Personal care and effects]]+All_India_Index_Upto_April23__1___1[[#This Row],[Education]]+All_India_Index_Upto_April23__1___1[[#This Row],[Recreation and amusement]] -> 437.8 | AM36: =SUM(All_India_Index_Upto_April23__1___1[[#This Row],[Sum of others]],All_India_Index_Upto_April23__1___1[[#This Row],[Sum of clothing]],All_India_Index_Upto_April23__1___1[[#This Row],[Sum of Housing Exp]],All_India_Index_Upto_April23__1___1[[#This Row],[Sum of food expenses]],All_India_Index_Upto_April23__1___1[[#This Row],[Transport and communication]],All_India_Index_Upto_April23__1___1[[#This Row],[Health]],All_India_Index_Upto_April23__1___1[[#This Row],[Fuel and light]]) -> 2833.4
A37: Rural+Urban | B37: 2013 | C37: December | D37: =TEXT(DATE(B37, MONTH(1&C37), 1), "mmm-yy") -> Dec-13 | E37: 119.1 | F37: 116.7 | G37: 123.5 | H37: 113.4 | I37: 107.3 | J37: 113.3 | K37: 145.4 | L37: 108.7 | M37: 101.5 | N37: 110.5 | O37: 112.1 | P37: 117.4 | Q37: 118.4 | R37: 114 | S37: 115.2 | T37: 112.7 | U37: 114.8 | V37: 110.7 | W37: 111.9 | X37: 111.7 | Y37: 109.7 | Z37: 109.8 | AA37: 109 | AB37: 111.5 | AC37: 107.9 | AD37: 110 | AE37: 114.5 | AF37: =AVERAGE(All_India_Index_Upto_April23__1___1[[#This Row],[Cereals and products]:[Pan, tobacco and intoxicants]]) -> 115.80714 | AG37: =AVERAGE(All_India_Index_Upto_April23__1___1[[#This Row],[Household goods and services]],All_India_Index_Upto_April23__1___1[[#This Row],[Housing]]) -> 111.2 | AH37: =AVERAGE(All_India_Index_Upto_April23__1___1[[#This Row],[Miscellaneous]],All_India_Index_Upto_April23__1___1[[#This Row],[Personal care and effects]],All_India_Index_Upto_April23__1___1[[#This Row],[Education]],All_India_Index_Upto_April23__1___1[[#This Row],[Recreation and amusement]]) -> 109.6 | AI37: =SUM(All_India_Index_Upto_April23__1___1[[#This Row],[Cereals and products]:[Pan, tobacco and intoxicants]]) -> 1621.3 | AJ37: =SUM(All_India_Index_Upto_April23__1___1[[#This Row],[Household goods and services]],All_India_Index_Upto_April23__1___1[[#This Row],[Housing]]) -> 222.4 | AK37: =All_India_Index_Upto_April23__1___1[[#This Row],[Clothing]]+All_India_Index_Upto_April23__1___1[[#This Row],[Footwear]] -> 227.9 | AL37: =All_India_Index_Upto_April23__1___1[[#This Row],[Miscellaneous]]+All_India_Index_Upto_April23__1___1[[#This Row],[Personal care and effects]]+All_India_Index_Upto_April23__1___1[[#This Row],[Education]]+All_India_Index_Upto_April23__1___1[[#This Row],[Recreation and amusement]] -> 438.4 | AM37: =SUM(All_India_Index_Upto_April23__1___1[[#This Row],[Sum of others]],All_India_Index_Upto_April23__1___1[[#This Row],[Sum of clothing]],All_India_Index_Upto_April23__1___1[[#This Row],[Sum of Housing Exp]],All_India_Index_Upto_April23__1___1[[#This Row],[Sum of food expenses]],All_India_Index_Upto_April23__1___1[[#This Row],[Transport and communication]],All_India_Index_Upto_April23__1___1[[#This Row],[Health]],All_India_Index_Upto_April23__1___1[[#This Row],[Fuel and light]]) -> 2841.4
A38: Rural | B38: 2014 | C38: January | D38: =TEXT(DATE(B38, MONTH(1&C38), 1), "mmm-yy") -> Jan-14 | E38: 118.9 | F38: 117.1 | G38: 120.5 | H38: 114.4 | I38: 109 | J38: 115.5 | K38: 123.9 | L38: 109.6 | M38: 101.8 | N38: 110.2 | O38: 112.4 | P38: 117.3 | Q38: 116 | R38: 114 | S38: 116.5 | T38: 114.5 | U38: 116.2 | V38: ='Handle Missing Value Sheet only'!$F$5 -> 139.27097 | W38: 113 | X38: 112.6 | Y38: 110.6 | Z38: 110.5 | AA38: 109.6 | AB38: 111.8 | AC38: 108.3 | AD38: 110.6 | AE38: 114.2 | AF38: =AVERAGE(All_India_Index_Upto_April23__1___1[[#This Row],[Cereals and products]:[Pan, tobacco and intoxicants]]) -> 114.32857 | AG38: =AVERAGE(All_India_Index_Upto_April23__1___1[[#This Row],[Household goods and services]],All_India_Index_Upto_April23__1___1[[#This Row],[Housing]]) -> 125.93548 | AH38: =AVERAGE(All_India_Index_Upto_April23__1___1[[#This Row],[Miscellaneous]],All_India_Index_Upto_April23__1___1[[#This Row],[Personal care and effects]],All_India_Index_Upto_April23__1___1[[#This Row],[Education]],All_India_Index_Upto_April23__1___1[[#This Row],[Recreation and amusement]]) -> 110.075 | AI38: =SUM(All_India_Index_Upto_April23__1___1[[#This Row],[Cereals and products]:[Pan, tobacco and intoxicants]]) -> 1600.6 | AJ38: =SUM(All_India_Index_Upto_April23__1___1[[#This Row],[Household goods and services]],All_India_Index_Upto_April23__1___1[[#This Row],[Housing]]) -> 251.87097 | AK38: =All_India_Index_Upto_April23__1___1[[#This Row],[Clothing]]+All_India_Index_Upto_April23__1___1[[#This Row],[Footwear]] -> 231 | AL38: =All_India_Index_Upto_April23__1___1[[#This Row],[Miscellaneous]]+All_India_Index_Upto_April23__1___1[[#This Row],[Personal care and effects]]+All_India_Index_Upto_April23__1___1[[#This Row],[Education]]+All_India_Index_Upto_April23__1___1[[#This Row],[Recreation and amusement]] -> 440.3 | AM38: =SUM(All_India_Index_Upto_April23__1___1[[#This Row],[Sum of others]],All_India_Index_Upto_April23__1___1[[#This Row],[Sum of clothing]],All_India_Index_Upto_April23__1___1[[#This Row],[Sum of Housing Exp]],All_India_Index_Upto_April23__1___1[[#This Row],[Sum of food expenses]],All_India_Index_Upto_April23__1___1[[#This Row],[Transport and communication]],All_India_Index_Upto_April23__1___1[[#This Row],[Health]],All_India_Index_Upto_April23__1___1[[#This Row],[Fuel and light]]) -> 2857.871
A39: Urban | B39: 2014 | C39: January | D39: =TEXT(DATE(B39, MONTH(1&C39), 1), "mmm-yy") -> Jan-14 | E39: 121.2 | F39: 122 | G39: 129.9 | H39: 113.6 | I39: 102.9 | J39: 112.1 | K39: 118.9 | L39: 107.5 | M39: 96.9 | N39: 112.7 | O39: 112.1 | P39: 119 | Q39: 115.5 | R39: 115.7 | S39: 114.8 | T39: 111.3 | U39: 114.3 | V39: 111.6 | W39: 111 | X39: 111.9 | Y39: 109.7 | Z39: 110.8 | AA39: 109.8 | AB39: 111.5 | AC39: 108 | AD39: 110.5 | AE39: 112.9 | AF39: =AVERAGE(All_India_Index_Upto_April23__1___1[[#This Row],[Cereals and products]:[Pan, tobacco and intoxicants]]) -> 114.28571 | AG39: =AVERAGE(All_India_Index_Upto_April23__1___1[[#This Row],[Household goods and services]],All_India_Index_Upto_April23__1___1[[#This Row],[Housing]]) -> 111.75 | AH39: =AVERAGE(All_India_Index_Upto_April23__1___1[[#This Row],[Miscellaneous]],All_India_Index_Upto_April23__1___1[[#This Row],[Personal care and effects]],All_India_Index_Upto_April23__1___1[[#This Row],[Education]],All_India_Index_Upto_April23__1___1[[#This Row],[Recreation and amusement]]) -> 109.95 | AI39: =SUM(All_India_Index_Upto_April23__1___1[[#This Row],[Cereals and products]:[Pan, tobacco and intoxicants]]) -> 1600 | AJ39: =SUM(All_India_Index_Upto_April23__1___1[[#This Row],[Household goods and services]],All_India_Index_Upto_April23__1___1[[#This Row],[Housing]]) -> 223.5 | AK39: =All_India_Index_Upto_April23__1___1[[#This Row],[Clothing]]+All_India_Index_Upto_April23__1___1[[#This Row],[Footwear]] -> 226.1 | AL39: =All_India_Index_Upto_April23__1___1[[#This Row],[Miscellaneous]]+All_India_Index_Upto_April23__1___1[[#This Row],[Personal care and effects]]+All_India_Index_Upto_April23__1___1[[#This Row],[Education]]+All_India_Index_Upto_April23__1___1[[#This Row],[Recreation and amusement]] -> 439.8 | AM39: =SUM(All_India_Index_Upto_April23__1___1[[#This Row],[Sum of others]],All_India_Index_Upto_April23__1___1[[#This Row],[Sum of clothing]],All_India_Index_Upto_April23__1___1[[#This Row],[Sum of Housing Exp]],All_India_Index_Upto_April23__1___1[[#This Row],[Sum of food expenses]],All_India_Index_Upto_April23__1___1[[#This Row],[Transport and communication]],All_India_Index_Upto_April23__1___1[[#This Row],[Health]],All_India_Index_Upto_April23__1___1[[#This Row],[Fuel and light]]) -> 2820.9
A40: Rural+Urban | B40: 2014 | C40: January | D40: =TEXT(DATE(B40, MONTH(1&C40), 1), "mmm-yy") -> Jan-14 | E40: 119.6 | F40: 118.8 | G40: 124.1 | H40: 114.1 | I40: 106.8 | J40: 113.9 | K40: 122.2 | L40: 108.9 | M40: 100.2 | N40: 111 | O40: 112.3 | P40: 118.1 | Q40: 115.8 | R40: 114.5 | S40: 115.8 | T40: 113.2 | U40: 115.4 | V40: 111.6 | W40: 112.2 | X40: 112.3 | Y40: 110.3 | Z40: 110.7 | AA40: 109.7 | AB40: 111.6 | AC40: 108.2 | AD40: 110.6 | AE40: 113.6 | AF40: =AVERAGE(All_India_Index_Upto_April23__1___1[[#This Row],[Cereals and products]:[Pan, tobacco and intoxicants]]) -> 114.30714 | AG40: =AVERAGE(All_India_Index_Upto_April23__1___1[[#This Row],[Household goods and services]],All_India_Index_Upto_April23__1___1[[#This Row],[Housing]]) -> 111.95 | AH40: =AVERAGE(All_India_Index_Upto_April23__1___1[[#This Row],[Miscellaneous]],All_India_Index_Upto_April23__1___1[[#This Row],[Personal care and effects]],All_India_Index_Upto_April23__1___1[[#This Row],[Education]],All_India_Index_Upto_April23__1___1[[#This Row],[Recreation and amusement]]) -> 110.025 | AI40: =SUM(All_India_Index_Upto_April23__1___1[[#This Row],[Cereals and products]:[Pan, tobacco and intoxicants]]) -> 1600.3 | AJ40: =SUM(All_India_Index_Upto_April23__1___1[[#This Row],[Household goods and services]],All_India_Index_Upto_April23__1___1[[#This Row],[Housing]]) -> 223.9 | AK40: =All_India_Index_Upto_April23__1___1[[#This Row],[Clothing]]+All_India_Index_Upto_April23__1___1[[#This Row],[Footwear]] -> 229 | AL40: =All_India_Index_Upto_April23__1___1[[#This Row],[Miscellaneous]]+All_India_Index_Upto_April23__1___1[[#This Row],[Personal care and effects]]+All_India_Index_Upto_April23__1___1[[#This Row],[Education]]+All_India_Index_Upto_April23__1___1[[#This Row],[Recreation and amusement]] -> 440.1 | AM40: =SUM(All_India_Index_Upto_April23__1___1[[#This Row],[Sum of others]],All_India_Index_Upto_April23__1___1[[#This Row],[Sum of clothing]],All_India_Index_Upto_April23__1___1[[#This Row],[Sum of Housing Exp]],All_India_Index_Upto_April23__1___1[[#This Row],[Sum of food expenses]],All_India_Index_Upto_April23__1___1[[#This Row],[Transport and communication]],All_India_Index_Upto_April23__1___1[[#This Row],[Health]],All_India_Index_Upto_April23__1___1[[#This Row],[Fuel and light]]) -> 2826.5
A41: Rural | B41: 2014 | C41: February | D41: =TEXT(DATE(B41, MONTH(1&C41), 1), "mmm-yy") -> Feb-14 | E41: 119.4 | F41: 117.7 | G41: 121.2 | H41: 115 | I41: 109 | J41: 116.6 | K41: 116 | L41: 109.8 | M41: 101.1 | N41: 110.4 | O41: 112.9 | P41: 117.8 | Q41: 115.3 | R41: 114.2 | S41: 117.1 | T41: 114.5 | U41: 116.7 | V41: ='Handle Missing Value Sheet only'!$F$5 -> 139.27097 | W41: 113.2 | X41: 112.9 | Y41: 110.9 | Z41: 110.8 | AA41: 109.9 | AB41: 112 | AC41: 108.7 | AD41: 110.9 | AE41: 114 | AF41: =AVERAGE(All_India_Index_Upto_April23__1___1[[#This Row],[Cereals and products]:[Pan, tobacco and intoxicants]]) -> 114.02857 | AG41: =AVERAGE(All_India_Index_Upto_April23__1___1[[#This Row],[Household goods and services]],All_India_Index_Upto_April23__1___1[[#This Row],[Housing]]) -> 126.08548 | AH41: =AVERAGE(All_India_Index_Upto_April23__1___1[[#This Row],[Miscellaneous]],All_India_Index_Upto_April23__1___1[[#This Row],[Personal care and effects]],All_India_Index_Upto_April23__1___1[[#This Row],[Education]],All_India_Index_Upto_April23__1___1[[#This Row],[Recreation and amusement]]) -> 110.375 | AI41: =SUM(All_India_Index_Upto_April23__1___1[[#This Row],[Cereals and products]:[Pan, tobacco and intoxicants]]) -> 1596.4 | AJ41: =SUM(All_India_Index_Upto_April23__1___1[[#This Row],[Household goods and services]],All_India_Index_Upto_April23__1___1[[#This Row],[Housing]]) -> 252.17097 | AK41: =All_India_Index_Upto_April23__1___1[[#This Row],[Clothing]]+All_India_Index_Upto_April23__1___1[[#This Row],[Footwear]] -> 231.6 | AL41: =All_India_Index_Upto_April23__1___1[[#This Row],[Miscellaneous]]+All_India_Index_Upto_April23__1___1[[#This Row],[Personal care and effects]]+All_India_Index_Upto_April23__1___1[[#This Row],[Education]]+All_India_Index_Upto_April23__1___1[[#This Row],[Recreation and amusement]] -> 441.5 | AM41: =SUM(All_India_Index_Upto_April23__1___1[[#This Row],[Sum of others]],All_India_Index_Upto_April23__1___1[[#This Row],[Sum of clothing]],All_India_Index_Upto_April23__1___1[[#This Row],[Sum of Housing Exp]],All_India_Index_Upto_April23__1___1[[#This Row],[Sum of food expenses]],All_India_Index_Upto_April23__1___1[[#This Row],[Transport and communication]],All_India_Index_Upto_April23__1___1[[#This Row],[Health]],All_India_Index_Upto_April23__1___1[[#This Row],[Fuel and light]]) -> 2856.571
A42: Urban | B42: 2014 | C42: February | D42: =TEXT(DATE(B42, MONTH(1&C42), 1), "mmm-yy") -> Feb-14 | E42: 121.9 | F42: 122 | G42: 124.5 | H42: 115.2 | I42: 102.5 | J42: 114.1 | K42: 111.5 | L42: 108.2 | M42: 95.4 | N42: 113.5 | O42: 112.1 | P42: 119.9 | Q42: 115.2 | R42: 116.2 | S42: 115.3 | T42: 111.7 | U42: 114.7 | V42: 112.5 | W42: 111.1 | X42: 112.6 | Y42: 110.4 | Z42: 111.3 | AA42: 110.3 | AB42: 111.6 | AC42: 108.7 | AD42: 111 | AE42: 113.1 | AF42: =AVERAGE(All_India_Index_Upto_April23__1___1[[#This Row],[Cereals and products]:[Pan, tobacco and intoxicants]]) -> 113.72857 | AG42: =AVERAGE(All_India_Index_Upto_April23__1___1[[#This Row],[Household goods and services]],All_India_Index_Upto_April23__1___1[[#This Row],[Housing]]) -> 112.55 | AH42: =AVERAGE(All_India_Index_Upto_April23__1___1[[#This Row],[Miscellaneous]],All_India_Index_Upto_April23__1___1[[#This Row],[Personal care and effects]],All_India_Index_Upto_April23__1___1[[#This Row],[Education]],All_India_Index_Upto_April23__1___1[[#This Row],[Recreation and amusement]]) -> 110.4 | AI42: =SUM(All_India_Index_Upto_April23__1___1[[#This Row],[Cereals and products]:[Pan, tobacco and intoxicants]]) -> 1592.2 | AJ42: =SUM(All_India_Index_Upto_April23__1___1[[#This Row],[Household goods and services]],All_India_Index_Upto_April23__1___1[[#This Row],[Housing]]) -> 225.1 | AK42: =All_India_Index_Upto_April23__1___1[[#This Row],[Clothing]]+All_India_Index_Upto_April23__1___1[[#This Row],[Footwear]] -> 227 | AL42: =All_India_Index_Upto_April23__1___1[[#This Row],[Miscellaneous]]+All_India_Index_Upto_April23__1___1[[#This Row],[Personal care and effects]]+All_India_Index_Upto_April23__1___1[[#This Row],[Education]]+All_India_Index_Upto_April23__1___1[[#This Row],[Recreation and amusement]] -> 441.6 | AM42: =SUM(All_India_Index_Upto_April23__1___1[[#This Row],[Sum of others]],All_India_Index_Upto_April23__1___1[[#This Row],[Sum of clothing]],All_India_Index_Upto_April23__1___1[[#This Row],[Sum of Housing Exp]],All_India_Index_Upto_April23__1___1[[#This Row],[Sum of food expenses]],All_India_Index_Upto_April23__1___1[[#This Row],[Transport and communication]],All_India_Index_Upto_April23__1___1[[#This Row],[Health]],All_India_Index_Upto_April23__1___1[[#This Row],[Fuel and light]]) -> 2818.7
A43: Rural+Urban | B43: 2014 | C43: February | D43: =TEXT(DATE(B43, MONTH(1&C43), 1), "mmm-yy") -> Feb-14 | E43: 120.2 | F43: 119.2 | G43: 122.5 | H43: 115.1 | I43: 106.6 | J43: 115.4 | K43: 114.5 | L43: 109.3 | M43: 99.2 | N43: 111.4 | O43: 112.6 | P43: 118.8 | Q43: 115.3 | R43: 114.7 | S43: 116.4 | T43: 113.3 | U43: 115.9 | V43: 112.5 | W43: 112.4 | X43: 112.8 | Y43: 110.7 | Z43: 111.1 | AA43: 110.1 | AB43: 111.8 | AC43: 108.7 | AD43: 110.9 | AE43: 113.6 | AF43: =AVERAGE(All_India_Index_Upto_April23__1___1[[#This Row],[Cereals and products]:[Pan, tobacco and intoxicants]]) -> 113.91429 | AG43: =AVERAGE(All_India_Index_Upto_April23__1___1[[#This Row],[Household goods and services]],All_India_Index_Upto_April23__1___1[[#This Row],[Housing]]) -> 112.65 | AH43: =AVERAGE(All_India_Index_Upto_April23__1___1[[#This Row],[Miscellaneous]],All_India_Index_Upto_April23__1___1[[#This Row],[Personal care and effects]],All_India_Index_Upto_April23__1___1[[#This Row],[Education]],All_India_Index_Upto_April23__1___1[[#This Row],[Recreation and amusement]]) -> 110.375 | AI43: =SUM(All_India_Index_Upto_April23__1___1[[#This Row],[Cereals and products]:[Pan, tobacco and intoxicants]]) -> 1594.8 | AJ43: =SUM(All_India_Index_Upto_April23__1___1[[#This Row],[Household goods and services]],All_India_Index_Upto_April23__1___1[[#This Row],[Housing]]) -> 225.3 | AK43: =All_India_Index_Upto_April23__1___1[[#This Row],[Clothing]]+All_India_Index_Upto_April23__1___1[[#This Row],[Footwear]] -> 229.7 | AL43: =All_India_Index_Upto_April23__1___1[[#This Row],[Miscellaneous]]+All_India_Index_Upto_April23__1___1[[#This Row],[Personal care and effects]]+All_India_Index_Upto_April23__1___1[[#This Row],[Education]]+All_India_Index_Upto_April23__1___1[[#This Row],[Recreation and amusement]] -> 441.5 | AM43: =SUM(All_India_Index_Upto_April23__1___1[[#This Row],[Sum of others]],All_India_Index_Upto_April23__1___1[[#This Row],[Sum of clothing]],All_India_Index_Upto_April23__1___1[[#This Row],[Sum of Housing Exp]],All_India_Index_Upto_April23__1___1[[#This Row],[Sum of food expenses]],All_India_Index_Upto_April23__1___1[[#This Row],[Transport and communication]],All_India_Index_Upto_April23__1___1[[#This Row],[Health]],All_India_Index_Upto_April23__1___1[[#This Row],[Fuel and light]]) -> 2825.5
A44: Rural | B44: 2014 | C44: March | D44: =TEXT(DATE(B44, MONTH(1&C44), 1), "mmm-yy") -> Mar-14 | E44: 120.1 | F44: 118.1 | G44: 120.7 | H44: 116.1 | I44: 109.3 | J44: 119.6 | K44: 117.9 | L44: 110.2 | M44: 101.2 | N44: 110.7 | O44: 113 | P44: 118.3 | Q44: 116.2 | R44: 114.6 | S44: 117.5 | T44: 114.9 | U44: 117.2 | V44: ='Handle Missing Value Sheet only'!$F$5 -> 139.27097 | W44: 113.4 | X44: 113.4 | Y44: 111.4 | Z44: 111.2 | AA44: 110.2 | AB44: 112.4 | AC44: 108.9 | AD44: 111.3 | AE44: 114.6 | AF44: =AVERAGE(All_India_Index_Upto_April23__1___1[[#This Row],[Cereals and products]:[Pan, tobacco and intoxicants]]) -> 114.71429 | AG44: =AVERAGE(All_India_Index_Upto_April23__1___1[[#This Row],[Household goods and services]],All_India_Index_Upto_April23__1___1[[#This Row],[Housing]]) -> 126.33548 | AH44: =AVERAGE(All_India_Index_Upto_April23__1___1[[#This Row],[Miscellaneous]],All_India_Index_Upto_April23__1___1[[#This Row],[Personal care and effects]],All_India_Index_Upto_April23__1___1[[#This Row],[Education]],All_India_Index_Upto_April23__1___1[[#This Row],[Recreation and amusement]]) -> 110.7 | AI44: =SUM(All_India_Index_Upto_April23__1___1[[#This Row],[Cereals and products]:[Pan, tobacco and intoxicants]]) -> 1606 | AJ44: =SUM(All_India_Index_Upto_April23__1___1[[#This Row],[Household goods and services]],All_India_Index_Upto_April23__1___1[[#This Row],[Housing]]) -> 252.67097 | AK44: =All_India_Index_Upto_April23__1___1[[#This Row],[Clothing]]+All_India_Index_Upto_April23__1___1[[#This Row],[Footwear]] -> 232.4 | AL44: =All_India_Index_Upto_April23__1___1[[#This Row],[Miscellaneous]]+All_India_Index_Upto_April23__1___1[[#This Row],[Personal care and effects]]+All_India_Index_Upto_April23__1___1[[#This Row],[Education]]+All_India_Index_Upto_April23__1___1[[#This Row],[Recreation and amusement]] -> 442.8 | AM44: =SUM(All_India_Index_Upto_April23__1___1[[#This Row],[Sum of others]],All_India_Index_Upto_April23__1___1[[#This Row],[Sum of clothing]],All_India_Index_Upto_April23__1___1[[#This Row],[Sum of Housing Exp]],All_India_Index_Upto_April23__1___1[[#This Row],[Sum of food expenses]],All_India_Index_Upto_April23__1___1[[#This Row],[Transport and communication]],All_India_Index_Upto_April23__1___1[[#This Row],[Health]],All_India_Index_Upto_April23__1___1[[#This Row],[Fuel and light]]) -> 2869.871
A45: Urban | B45: 2014 | C45: March | D45: =TEXT(DATE(B45, MONTH(1&C45), 1), "mmm-yy") -> Mar-14 | E45: 122.1 | F45: 121.4 | G45: 121.5 | H45: 116.2 | I45: 102.8 | J45: 117.7 | K45: 113.3 | L45: 108.9 | M45: 96.3 | N45: 114.1 | O45: 112.2 | P45: 120.5 | Q45: 116 | R45: 116.7 | S45: 115.8 | T45: 112.1 | U45: 115.2 | V45: 113.2 | W45: 110.9 | X45: 113 | Y45: 110.8 | Z45: 111.6 | AA45: 110.9 | AB45: 111.8 | AC45: 109.2 | AD45: 111.4 | AE45: 113.7 | AF45: =AVERAGE(All_India_Index_Upto_April23__1___1[[#This Row],[Cereals and products]:[Pan, tobacco and intoxicants]]) -> 114.26429 | AG45: =AVERAGE(All_India_Index_Upto_April23__1___1[[#This Row],[Household goods and services]],All_India_Index_Upto_April23__1___1[[#This Row],[Housing]]) -> 113.1 | AH45: =AVERAGE(All_India_Index_Upto_April23__1___1[[#This Row],[Miscellaneous]],All_India_Index_Upto_April23__1___1[[#This Row],[Personal care and effects]],All_India_Index_Upto_April23__1___1[[#This Row],[Education]],All_India_Index_Upto_April23__1___1[[#This Row],[Recreation and amusement]]) -> 110.825 | AI45: =SUM(All_India_Index_Upto_April23__1___1[[#This Row],[Cereals and products]:[Pan, tobacco and intoxicants]]) -> 1599.7 | AJ45: =SUM(All_India_Index_Upto_April23__1___1[[#This Row],[Household goods and services]],All_India_Index_Upto_April23__1___1[[#This Row],[Housing]]) -> 226.2 | AK45: =All_India_Index_Upto_April23__1___1[[#This Row],[Clothing]]+All_India_Index_Upto_April23__1___1[[#This Row],[Footwear]] -> 227.9 | AL45: =All_India_Index_Upto_April23__1___1[[#This Row],[Miscellaneous]]+All_India_Index_Upto_April23__1___1[[#This Row],[Personal care and effects]]+All_India_Index_Upto_April23__1___1[[#This Row],[Education]]+All_India_Index_Upto_April23__1___1[[#This Row],[Recreation and amusement]] -> 443.3 | AM45: =SUM(All_India_Index_Upto_April23__1___1[[#This Row],[Sum of others]],All_India_Index_Upto_April23__1___1[[#This Row],[Sum of clothing]],All_India_Index_Upto_April23__1___1[[#This Row],[Sum of Housing Exp]],All_India_Index_Upto_April23__1___1[[#This Row],[Sum of food expenses]],All_India_Index_Upto_April23__1___1[[#This Row],[Transport and communication]],All_India_Index_Upto_April23__1___1[[#This Row],[Health]],All_India_Index_Upto_April23__1___1[[#This Row],[Fuel and light]]) -> 2830.4
A46: Rural+Urban | B46: 2014 | C46: Marcrh | D46: =TEXT(DATE(B46, MONTH(1&C46), 1), "mmm-yy") -> #VALUE! | E46: 120.7 | F46: 119.3 | G46: 121 | H46: 116.1 | I46: 106.9 | J46: 118.7 | K46: 116.3 | L46: 109.8 | M46: 99.6 | N46: 111.8 | O46: 112.7 | P46: 119.3 | Q46: 116.1 | R46: 115.2 | S46: 116.8 | T46: 113.7 | U46: 116.4 | V46: 113.2 | W46: 112.5 | X46: 113.2 | Y46: 111.2 | Z46: 111.4 | AA46: 110.6 | AB46: 112 | AC46: 109 | AD46: 111.3 | AE46: 114.2 | AF46: =AVERAGE(All_India_Index_Upto_April23__1___1[[#This Row],[Cereals and products]:[Pan, tobacco and intoxicants]]) -> 114.53571 | AG46: =AVERAGE(All_India_Index_Upto_April23__1___1[[#This Row],[Household goods and services]],All_India_Index_Upto_April23__1___1[[#This Row],[Housing]]) -> 113.2 | AH46: =AVERAGE(All_India_Index_Upto_April23__1___1[[#This Row],[Miscellaneous]],All_India_Index_Upto_April23__1___1[[#This Row],[Personal care and effects]],All_India_Index_Upto_April23__1___1[[#This Row],[Education]],All_India_Index_Upto_April23__1___1[[#This Row],[Recreation and amusement]]) -> 110.725 | AI46: =SUM(All_India_Index_Upto_April23__1___1[[#This Row],[Cereals and products]:[Pan, tobacco and intoxicants]]) -> 1603.5 | AJ46: =SUM(All_India_Index_Upto_April23__1___1[[#This Row],[Household goods and services]],All_India_Index_Upto_April23__1___1[[#This Row],[Housing]]) -> 226.4 | AK46: =All_India_Index_Upto_April23__1___1[[#This Row],[Clothing]]+All_India_Index_Upto_April23__1___1[[#This Row],[Footwear]] -> 230.5 | AL46: =All_India_Index_Upto_April23__1___1[[#This Row],[Miscellaneous]]+All_India_Index_Upto_April23__1___1[[#This Row],[Personal care and effects]]+All_India_Index_Upto_April23__1___1[[#This Row],[Education]]+All_India_Index_Upto_April23__1___1[[#This Row],[Recreation and amusement]] -> 442.9 | AM46: =SUM(All_India_Index_Upto_April23__1___1[[#This Row],[Sum of others]],All_India_Index_Upto_April23__1___1[[#This Row],[Sum of clothing]],All_India_Index_Upto_April23__1___1[[#This Row],[Sum of Housing Exp]],All_India_Index_Upto_April23__1___1[[#This Row],[Sum of food expenses]],All_India_Index_Upto_April23__1___1[[#This Row],[Transport and communication]],All_India_Index_Upto_April23__1___1[[#This Row],[Health]],All_India_Index_Upto_April23__1___1[[#This Row],[Fuel and light]]) -> 2838.4
A47: Rural | B47: 2014 | C47: April | D47: =TEXT(DATE(B47, MONTH(1&C47), 1), "mmm-yy") -> Apr-14 | E47: 120.2 | F47: 118.9 | G47: 118.1 | H47: 117 | I47: 109.7 | J47: 125.5 | K47: 120.5 | L47: 111 | M47: 102.6 | N47: 111.2 | O47: 113.5 | P47: 118.7 | Q47: 117.2 | R47: 115.4 | S47: 118.1 | T47: 116.1 | U47: 117.8 | V47: ='Handle Missing Value Sheet only'!$F$5 -> 139.27097 | W47: 113.4 | X47: 113.7 | Y47: 111.8 | Z47: 111.2 | AA47: 110.5 | AB47: 113 | AC47: 108.9 | AD47: 111.5 | AE47: 115.4 | AF47: =AVERAGE(All_India_Index_Upto_April23__1___1[[#This Row],[Cereals and products]:[Pan, tobacco and intoxicants]]) -> 115.67857 | AG47: =AVERAGE(All_India_Index_Upto_April23__1___1[[#This Row],[Household goods and services]],All_India_Index_Upto_April23__1___1[[#This Row],[Housing]]) -> 126.48548 | AH47: =AVERAGE(All_India_Index_Upto_April23__1___1[[#This Row],[Miscellaneous]],All_India_Index_Upto_April23__1___1[[#This Row],[Personal care and effects]],All_India_Index_Upto_April23__1___1[[#This Row],[Education]],All_India_Index_Upto_April23__1___1[[#This Row],[Recreation and amusement]]) -> 110.975 | AI47: =SUM(All_India_Index_Upto_April23__1___1[[#This Row],[Cereals and products]:[Pan, tobacco and intoxicants]]) -> 1619.5 | AJ47: =SUM(All_India_Index_Upto_April23__1___1[[#This Row],[Household goods and services]],All_India_Index_Upto_April23__1___1[[#This Row],[Housing]]) -> 252.97097 | AK47: =All_India_Index_Upto_April23__1___1[[#This Row],[Clothing]]+All_India_Index_Upto_April23__1___1[[#This Row],[Footwear]] -> 234.2 | AL47: =All_India_Index_Upto_April23__1___1[[#This Row],[Miscellaneous]]+All_India_Index_Upto_April23__1___1[[#This Row],[Personal care and effects]]+All_India_Index_Upto_April23__1___1[[#This Row],[Education]]+All_India_Index_Upto_April23__1___1[[#This Row],[Recreation and amusement]] -> 443.9 | AM47: =SUM(All_India_Index_Upto_April23__1___1[[#This Row],[Sum of others]],All_India_Index_Upto_April23__1___1[[#This Row],[Sum of clothing]],All_India_Index_Upto_April23__1___1[[#This Row],[Sum of Housing Exp]],All_India_Index_Upto_April23__1___1[[#This Row],[Sum of food expenses]],All_India_Index_Upto_April23__1___1[[#This Row],[Transport and communication]],All_India_Index_Upto_April23__1___1[[#This Row],[Health]],All_India_Index_Upto_April23__1___1[[#This Row],[Fuel and light]]) -> 2886.971
A48: Urban | B48: 2014 | C48: April | D48: =TEXT(DATE(B48, MONTH(1&C48), 1), "mmm-yy") -> Apr-14 | E48: 122.5 | F48: 121.7 | G48: 113.3 | H48: 117 | I48: 103.1 | J48: 126.7 | K48: 121.2 | L48: 111 | M48: 100.3 | N48: 115.3 | O48: 112.7 | P48: 121 | Q48: 118.2 | R48: 117.6 | S48: 116.3 | T48: 112.5 | U48: 115.7 | V48: 113.9 | W48: 110.9 | X48: 113.4 | Y48: 111 | Z48: 111.2 | AA48: 111.2 | AB48: 112.5 | AC48: 109.1 | AD48: 111.4 | AE48: 114.7 | AF48: =AVERAGE(All_India_Index_Upto_April23__1___1[[#This Row],[Cereals and products]:[Pan, tobacco and intoxicants]]) -> 115.82857 | AG48: =AVERAGE(All_India_Index_Upto_April23__1___1[[#This Row],[Household goods and services]],All_India_Index_Upto_April23__1___1[[#This Row],[Housing]]) -> 113.65 | AH48: =AVERAGE(All_India_Index_Upto_April23__1___1[[#This Row],[Miscellaneous]],All_India_Index_Upto_April23__1___1[[#This Row],[Personal care and effects]],All_India_Index_Upto_April23__1___1[[#This Row],[Education]],All_India_Index_Upto_April23__1___1[[#This Row],[Recreation and amusement]]) -> 111.05 | AI48: =SUM(All_India_Index_Upto_April23__1___1[[#This Row],[Cereals and products]:[Pan, tobacco and intoxicants]]) -> 1621.6 | AJ48: =SUM(All_India_Index_Upto_April23__1___1[[#This Row],[Household goods and services]],All_India_Index_Upto_April23__1___1[[#This Row],[Housing]]) -> 227.3 | AK48: =All_India_Index_Upto_April23__1___1[[#This Row],[Clothing]]+All_India_Index_Upto_April23__1___1[[#This Row],[Footwear]] -> 228.8 | AL48: =All_India_Index_Upto_April23__1___1[[#This Row],[Miscellaneous]]+All_India_Index_Upto_April23__1___1[[#This Row],[Personal care and effects]]+All_India_Index_Upto_April23__1___1[[#This Row],[Education]]+All_India_Index_Upto_April23__1___1[[#This Row],[Recreation and amusement]] -> 444.2 | AM48: =SUM(All_India_Index_Upto_April23__1___1[[#This Row],[Sum of others]],All_India_Index_Upto_April23__1___1[[#This Row],[Sum of clothing]],All_India_Index_Upto_April23__1___1[[#This Row],[Sum of Housing Exp]],All_India_Index_Upto_April23__1___1[[#This Row],[Sum of food expenses]],All_India_Index_Upto_April23__1___1[[#This Row],[Transport and communication]],All_India_Index_Upto_April23__1___1[[#This Row],[Health]],All_India_Index_Upto_April23__1___1[[#This Row],[Fuel and light]]) -> 2855
A49: Rural+Urban | B49: 2014 | C49: April | D49: =TEXT(DATE(B49, MONTH(1&C49), 1), "mmm-yy") -> Apr-14 | E49: 120.9 | F49: 119.9 | G49: 116.2 | H49: 117 | I49: 107.3 | J49: 126.1 | K49: 120.7 | L49: 111 | M49: 101.8 | N49: 112.6 | O49: 113.2 | P49: 119.8 | Q49: 117.6 | R49: 116 | S49: 117.4 | T49: 114.6 | U49: 117 | V49: 113.9 | W49: 112.5 | X49: 113.6 | Y49: 111.5 | Z49: 111.2 | AA49: 110.9 | AB49: 112.7 | AC49: 109 | AD49: 111.5 | AE49: 115.1 | AF49: =AVERAGE(All_India_Index_Upto_April23__1___1[[#This Row],[Cereals and products]:[Pan, tobacco and intoxicants]]) -> 115.72143 | AG49: =AVERAGE(All_India_Index_Upto_April23__1___1[[#This Row],[Household goods and services]],All_India_Index_Upto_April23__1___1[[#This Row],[Housing]]) -> 113.75 | AH49: =AVERAGE(All_India_Index_Upto_April23__1___1[[#This Row],[Miscellaneous]],All_India_Index_Upto_April23__1___1[[#This Row],[Personal care and effects]],All_India_Index_Upto_April23__1___1[[#This Row],[Education]],All_India_Index_Upto_April23__1___1[[#This Row],[Recreation and amusement]]) -> 111.025 | AI49: =SUM(All_India_Index_Upto_April23__1___1[[#This Row],[Cereals and products]:[Pan, tobacco and intoxicants]]) -> 1620.1 | AJ49: =SUM(All_India_Index_Upto_April23__1___1[[#This Row],[Household goods and services]],All_India_Index_Upto_April23__1___1[[#This Row],[Housing]]) -> 227.5 | AK49: =All_India_Index_Upto_April23__1___1[[#This Row],[Clothing]]+All_India_Index_Upto_April23__1___1[[#This Row],[Footwear]] -> 232 | AL49: =All_India_Index_Upto_April23__1___1[[#This Row],[Miscellaneous]]+All_India_Index_Upto_April23__1___1[[#This Row],[Personal care and effects]]+All_India_Index_Upto_April23__1___1[[#This Row],[Education]]+All_India_Index_Upto_April23__1___1[[#This Row],[Recreation and amusement]] -> 444.1 | AM49: =SUM(All_India_Index_Upto_April23__1___1[[#This Row],[Sum of others]],All_India_Index_Upto_April23__1___1[[#This Row],[Sum of clothing]],All_India_Index_Upto_April23__1___1[[#This Row],[Sum of Housing Exp]],All_India_Index_Upto_April23__1___1[[#This Row],[Sum of food expenses]],All_India_Index_Upto_April23__1___1[[#This Row],[Transport and communication]],All_India_Index_Upto_April23__1___1[[#This Row],[Health]],All_India_Index_Upto_April23__1___1[[#This Row],[Fuel and light]]) -> 2858.9
A50: Rural | B50: 2014 | C50: May | D50: =TEXT(DATE(B50, MONTH(1&C50), 1), "mmm-yy") -> May-14 | E50: 120.3 | F50: 120.2 | G50: 116.9 | H50: 118 | I50: 110.1 | J50: 126.3 | K50: 123.9 | L50: 111.5 | M50: 103.5 | N50: 111.6 | O50: 114.2 | P50: 119.2 | Q50: 118.2 | R50: 116.3 | S50: 118.7 | T50: 116.8 | U50: 118.5 | V50: ='Handle Missing Value Sheet only'!$F$5 -> 139.27097 | W50: 113.4 | X50: 114.1 | Y50: 112.1 | Z50: 111.4 | AA50: 110.9 | AB50: 113.1 | AC50: 108.9 | AD50: 111.8 | AE50: 116 | AF50: =AVERAGE(All_India_Index_Upto_April23__1___1[[#This Row],[Cereals and products]:[Pan, tobacco and intoxicants]]) -> 116.44286 | AG50: =AVERAGE(All_India_Index_Upto_April23__1___1[[#This Row],[Household goods and services]],All_India_Index_Upto_April23__1___1[[#This Row],[Housing]]) -> 126.68548 | AH50: =AVERAGE(All_India_Index_Upto_April23__1___1[[#This Row],[Miscellaneous]],All_India_Index_Upto_April23__1___1[[#This Row],[Personal care and effects]],All_India_Index_Upto_April23__1___1[[#This Row],[Education]],All_India_Index_Upto_April23__1___1[[#This Row],[Recreation and amusement]]) -> 111.175 | AI50: =SUM(All_India_Index_Upto_April23__1___1[[#This Row],[Cereals and products]:[Pan, tobacco and intoxicants]]) -> 1630.2 | AJ50: =SUM(All_India_Index_Upto_April23__1___1[[#This Row],[Household goods and services]],All_India_Index_Upto_April23__1___1[[#This Row],[Housing]]) -> 253.37097 | AK50: =All_India_Index_Upto_April23__1___1[[#This Row],[Clothing]]+All_India_Index_Upto_April23__1___1[[#This Row],[Footwear]] -> 235.5 | AL50: =All_India_Index_Upto_April23__1___1[[#This Row],[Miscellaneous]]+All_India_Index_Upto_April23__1___1[[#This Row],[Personal care and effects]]+All_India_Index_Upto_April23__1___1[[#This Row],[Education]]+All_India_Index_Upto_April23__1___1[[#This Row],[Recreation and amusement]] -> 444.7 | AM50: =SUM(All_India_Index_Upto_April23__1___1[[#This Row],[Sum of others]],All_India_Index_Upto_April23__1___1[[#This Row],[Sum of clothing]],All_India_Index_Upto_April23__1___1[[#This Row],[Sum of Housing Exp]],All_India_Index_Upto_April23__1___1[[#This Row],[Sum of food expenses]],All_India_Index_Upto_April23__1___1[[#This Row],[Transport and communication]],All_India_Index_Upto_April23__1___1[[#This Row],[Health]],All_India_Index_Upto_April23__1___1[[#This Row],[Fuel and light]]) -> 2900.671
A51: Urban | B51: 2014 | C51: May | D51: =TEXT(DATE(B51, MONTH(1&C51), 1), "mmm-yy") -> May-14 | E51: 122.7 | F51: 124.1 | G51: 114.2 | H51: 119.1 | I51: 103.5 | J51: 129.2 | K51: 127 | L51: 112.6 | M51: 101.3 | N51: 117 | O51: 112.9 | P51: 121.7 | Q51: 120 | R51: 118.3 | S51: 116.8 | T51: 112.9 | U51: 116.2 | V51: 114.3 | W51: 111.1 | X51: 114.1 | Y51: 111.2 | Z51: 111.3 | AA51: 111.5 | AB51: 112.9 | AC51: 109.3 | AD51: 111.7 | AE51: 115.6 | AF51: =AVERAGE(All_India_Index_Upto_April23__1___1[[#This Row],[Cereals and products]:[Pan, tobacco and intoxicants]]) -> 117.4 | AG51: =AVERAGE(All_India_Index_Upto_April23__1___1[[#This Row],[Household goods and services]],All_India_Index_Upto_April23__1___1[[#This Row],[Housing]]) -> 114.2 | AH51: =AVERAGE(All_India_Index_Upto_April23__1___1[[#This Row],[Miscellaneous]],All_India_Index_Upto_April23__1___1[[#This Row],[Personal care and effects]],All_India_Index_Upto_April23__1___1[[#This Row],[Education]],All_India_Index_Upto_April23__1___1[[#This Row],[Recreation and amusement]]) -> 111.35 | AI51: =SUM(All_India_Index_Upto_April23__1___1[[#This Row],[Cereals and products]:[Pan, tobacco and intoxicants]]) -> 1643.6 | AJ51: =SUM(All_India_Index_Upto_April23__1___1[[#This Row],[Household goods and services]],All_India_Index_Upto_April23__1___1[[#This Row],[Housing]]) -> 228.4 | AK51: =All_India_Index_Upto_April23__1___1[[#This Row],[Clothing]]+All_India_Index_Upto_April23__1___1[[#This Row],[Footwear]] -> 229.7 | AL51: =All_India_Index_Upto_April23__1___1[[#This Row],[Miscellaneous]]+All_India_Index_Upto_April23__1___1[[#This Row],[Personal care and effects]]+All_India_Index_Upto_April23__1___1[[#This Row],[Education]]+All_India_Index_Upto_April23__1___1[[#This Row],[Recreation and amusement]] -> 445.4 | AM51: =SUM(All_India_Index_Upto_April23__1___1[[#This Row],[Sum of others]],All_India_Index_Upto_April23__1___1[[#This Row],[Sum of clothing]],All_India_Index_Upto_April23__1___1[[#This Row],[Sum of Housing Exp]],All_India_Index_Upto_April23__1___1[[#This Row],[Sum of food expenses]],All_India_Index_Upto_April23__1___1[[#This Row],[Transport and communication]],All_India_Index_Upto_April23__1___1[[#This Row],[Health]],All_India_Index_Upto_April23__1___1[[#This Row],[Fuel and light]]) -> 2880.7
A52: Rural+Urban | B52: 2014 | C52: May | D52: =TEXT(DATE(B52, MONTH(1&C52), 1), "mmm-yy") -> May-14 | E52: 121.1 | F52: 121.6 | G52: 115.9 | H52: 118.4 | I52: 107.7 | J52: 127.7 | K52: 125 | L52: 111.9 | M52: 102.8 | N52: 113.4 | O52: 113.7 | P52: 120.4 | Q52: 118.9 | R52: 116.8 | S52: 118 | T52: 115.2 | U52: 117.6 | V52: 114.3 | W52: 112.5 | X52: 114.1 | Y52: 111.8 | Z52: 111.3 | AA52: 111.2 | AB52: 113 | AC52: 109.1 | AD52: 111.8 | AE52: 115.8 | AF52: =AVERAGE(All_India_Index_Upto_April23__1___1[[#This Row],[Cereals and products]:[Pan, tobacco and intoxicants]]) -> 116.80714 | AG52: =AVERAGE(All_India_Index_Upto_April23__1___1[[#This Row],[Household goods and services]],All_India_Index_Upto_April23__1___1[[#This Row],[Housing]]) -> 114.2 | AH52: =AVERAGE(All_India_Index_Upto_April23__1___1[[#This Row],[Miscellaneous]],All_India_Index_Upto_April23__1___1[[#This Row],[Personal care and effects]],All_India_Index_Upto_April23__1___1[[#This Row],[Education]],All_India_Index_Upto_April23__1___1[[#This Row],[Recreation and amusement]]) -> 111.275 | AI52: =SUM(All_India_Index_Upto_April23__1___1[[#This Row],[Cereals and products]:[Pan, tobacco and intoxicants]]) -> 1635.3 | AJ52: =SUM(All_India_Index_Upto_April23__1___1[[#This Row],[Household goods and services]],All_India_Index_Upto_April23__1___1[[#This Row],[Housing]]) -> 228.4 | AK52: =All_India_Index_Upto_April23__1___1[[#This Row],[Clothing]]+All_India_Index_Upto_April23__1___1[[#This Row],[Footwear]] -> 233.2 | AL52: =All_India_Index_Upto_April23__1___1[[#This Row],[Miscellaneous]]+All_India_Index_Upto_April23__1___1[[#This Row],[Personal care and effects]]+All_India_Index_Upto_April23__1___1[[#This Row],[Education]]+All_India_Index_Upto_April23__1___1[[#This Row],[Recreation and amusement]] -> 445.1 | AM52: =SUM(All_India_Index_Upto_April23__1___1[[#This Row],[Sum of others]],All_India_Index_Upto_April23__1___1[[#This Row],[Sum of clothing]],All_India_Index_Upto_April23__1___1[[#This Row],[Sum of Housing Exp]],All_India_Index_Upto_April23__1___1[[#This Row],[Sum of food expenses]],All_India_Index_Upto_April23__1___1[[#This Row],[Transport and communication]],All_India_Index_Upto_April23__1___1[[#This Row],[Health]],All_India_Index_Upto_April23__1___1[[#This Row],[Fuel and light]]) -> 2877.6
A53: Rural | B53: 2014 | C53: June | D53: =TEXT(DATE(B53, MONTH(1&C53), 1), "mmm-yy") -> Jun-14 | E53: 120.7 | F53: 121.6 | G53: 116.1 | H53: 119.3 | I53: 110.3 | J53: 125.8 | K53: 129.3 | L53: 112.2 | M53: 103.6 | N53: 112.3 | O53: 114.9 | P53: 120.1 | Q53: 119.5 | R53: 117.3 | S53: 119.7 | T53: 117.3 | U53: 119.3 | V53: ='Handle Missing Value Sheet only'!$F$5 -> 139.27097 | W53: 114.4 | X53: 114.9 | Y53: 112.8 | Z53: 112.2 | AA53: 111.4 | AB53: 114.3 | AC53: 108 | AD53: 112.3 | AE53: 117 | AF53: =AVERAGE(All_India_Index_Upto_April23__1___1[[#This Row],[Cereals and products]:[Pan, tobacco and intoxicants]]) -> 117.35714 | AG53: =AVERAGE(All_India_Index_Upto_April23__1___1[[#This Row],[Household goods and services]],All_India_Index_Upto_April23__1___1[[#This Row],[Housing]]) -> 127.08548 | AH53: =AVERAGE(All_India_Index_Upto_April23__1___1[[#This Row],[Miscellaneous]],All_India_Index_Upto_April23__1___1[[#This Row],[Personal care and effects]],All_India_Index_Upto_April23__1___1[[#This Row],[Education]],All_India_Index_Upto_April23__1___1[[#This Row],[Recreation and amusement]]) -> 111.5 | AI53: =SUM(All_India_Index_Upto_April23__1___1[[#This Row],[Cereals and products]:[Pan, tobacco and intoxicants]]) -> 1643 | AJ53: =SUM(All_India_Index_Upto_April23__1___1[[#This Row],[Household goods and services]],All_India_Index_Upto_April23__1___1[[#This Row],[Housing]]) -> 254.17097 | AK53: =All_India_Index_Upto_April23__1___1[[#This Row],[Clothing]]+All_India_Index_Upto_April23__1___1[[#This Row],[Footwear]] -> 237 | AL53: =All_India_Index_Upto_April23__1___1[[#This Row],[Miscellaneous]]+All_India_Index_Upto_April23__1___1[[#This Row],[Personal care and effects]]+All_India_Index_Upto_April23__1___1[[#This Row],[Education]]+All_India_Index_Upto_April23__1___1[[#This Row],[Recreation and amusement]] -> 446 | AM53: =SUM(All_India_Index_Upto_April23__1___1[[#This Row],[Sum of others]],All_India_Index_Upto_April23__1___1[[#This Row],[Sum of clothing]],All_India_Index_Upto_April23__1___1[[#This Row],[Sum of Housing Exp]],All_India_Index_Upto_April23__1___1[[#This Row],[Sum of food expenses]],All_India_Index_Upto_April23__1___1[[#This Row],[Transport and communication]],All_India_Index_Upto_April23__1___1[[#This Row],[Health]],All_India_Index_Upto_April23__1___1[[#This Row],[Fuel and light]]) -> 2919.571
A54: Urban | B54: 2014 | C54: June | D54: =TEXT(DATE(B54, MONTH(1&C54), 1), "mmm-yy") -> Jun-14 | E54: 123.1 | F54: 125.9 | G54: 115.4 | H54: 120.4 | I54: 103.4 | J54: 131.2 | K54: 137.5 | L54: 112.8 | M54: 101.4 | N54: 118.3 | O54: 113.2 | P54: 122.4 | Q54: 122 | R54: 119 | S54: 117.4 | T54: 113.2 | U54: 116.7 | V54: 113.9 | W54: 111.2 | X54: 114.3 | Y54: 111.4 | Z54: 111.5 | AA54: 111.8 | AB54: 115.1 | AC54: 108.7 | AD54: 112.2 | AE54: 116.4 | AF54: =AVERAGE(All_India_Index_Upto_April23__1___1[[#This Row],[Cereals and products]:[Pan, tobacco and intoxicants]]) -> 119 | AG54: =AVERAGE(All_India_Index_Upto_April23__1___1[[#This Row],[Household goods and services]],All_India_Index_Upto_April23__1___1[[#This Row],[Housing]]) -> 114.1 | AH54: =AVERAGE(All_India_Index_Upto_April23__1___1[[#This Row],[Miscellaneous]],All_India_Index_Upto_April23__1___1[[#This Row],[Personal care and effects]],All_India_Index_Upto_April23__1___1[[#This Row],[Education]],All_India_Index_Upto_April23__1___1[[#This Row],[Recreation and amusement]]) -> 111.95 | AI54: =SUM(All_India_Index_Upto_April23__1___1[[#This Row],[Cereals and products]:[Pan, tobacco and intoxicants]]) -> 1666 | AJ54: =SUM(All_India_Index_Upto_April23__1___1[[#This Row],[Household goods and services]],All_India_Index_Upto_April23__1___1[[#This Row],[Housing]]) -> 228.2 | AK54: =All_India_Index_Upto_April23__1___1[[#This Row],[Clothing]]+All_India_Index_Upto_April23__1___1[[#This Row],[Footwear]] -> 230.6 | AL54: =All_India_Index_Upto_April23__1___1[[#This Row],[Miscellaneous]]+All_India_Index_Upto_April23__1___1[[#This Row],[Personal care and effects]]+All_India_Index_Upto_April23__1___1[[#This Row],[Education]]+All_India_Index_Upto_April23__1___1[[#This Row],[Recreation and amusement]] -> 447.8 | AM54: =SUM(All_India_Index_Upto_April23__1___1[[#This Row],[Sum of others]],All_India_Index_Upto_April23__1___1[[#This Row],[Sum of clothing]],All_India_Index_Upto_April23__1___1[[#This Row],[Sum of Housing Exp]],All_India_Index_Upto_April23__1___1[[#This Row],[Sum of food expenses]],All_India_Index_Upto_April23__1___1[[#This Row],[Transport and communication]],All_India_Index_Upto_April23__1___1[[#This Row],[Health]],All_India_Index_Upto_April23__1___1[[#This Row],[Fuel and light]]) -> 2906.7
A55: Rural+Urban | B55: 2014 | C55: June | D55: =TEXT(DATE(B55, MONTH(1&C55), 1), "mmm-yy") -> Jun-14 | E55: 121.5 | F55: 123.1 | G55: 115.8 | H55: 119.7 | I55: 107.8 | J55: 128.3 | K55: 132.1 | L55: 112.4 | M55: 102.9 | N55: 114.3 | O55: 114.2 | P55: 121.2 | Q55: 120.4 | R55: 117.8 | S55: 118.8 | T55: 115.6 | U55: 118.3 | V55: 113.9 | W55: 113.2 | X55: 114.6 | Y55: 112.3 | Z55: 111.8 | AA55: 111.6 | AB55: 114.8 | AC55: 108.3 | AD55: 112.3 | AE55: 116.7 | AF55: =AVERAGE(All_India_Index_Upto_April23__1___1[[#This Row],[Cereals and products]:[Pan, tobacco and intoxicants]]) -> 117.96429 | AG55: =AVERAGE(All_India_Index_Upto_April23__1___1[[#This Row],[Household goods and services]],All_India_Index_Upto_April23__1___1[[#This Row],[Housing]]) -> 114.25 | AH55: =AVERAGE(All_India_Index_Upto_April23__1___1[[#This Row],[Miscellaneous]],All_India_Index_Upto_April23__1___1[[#This Row],[Personal care and effects]],All_India_Index_Upto_April23__1___1[[#This Row],[Education]],All_India_Index_Upto_April23__1___1[[#This Row],[Recreation and amusement]]) -> 111.75 | AI55: =SUM(All_India_Index_Upto_April23__1___1[[#This Row],[Cereals and products]:[Pan, tobacco and intoxicants]]) -> 1651.5 | AJ55: =SUM(All_India_Index_Upto_April23__1___1[[#This Row],[Household goods and services]],All_India_Index_Upto_April23__1___1[[#This Row],[Housing]]) -> 228.5 | AK55: =All_India_Index_Upto_April23__1___1[[#This Row],[Clothing]]+All_India_Index_Upto_April23__1___1[[#This Row],[Footwear]] -> 234.4 | AL55: =All_India_Index_Upto_April23__1___1[[#This Row],[Miscellaneous]]+All_India_Index_Upto_April23__1___1[[#This Row],[Personal care and effects]]+All_India_Index_Upto_April23__1___1[[#This Row],[Education]]+All_India_Index_Upto_April23__1___1[[#This Row],[Recreation and amusement]] -> 447 | AM55: =SUM(All_India_Index_Upto_April23__1___1[[#This Row],[Sum of others]],All_India_Index_Upto_April23__1___1[[#This Row],[Sum of clothing]],All_India_Index_Upto_April23__1___1[[#This Row],[Sum of Housing Exp]],All_India_Index_Upto_April23__1___1[[#This Row],[Sum of food expenses]],All_India_Index_Upto_April23__1___1[[#This Row],[Transport and communication]],All_India_Index_Upto_April23__1___1[[#This Row],[Health]],All_India_Index_Upto_April23__1___1[[#This Row],[Fuel and light]]) -> 2898.7
A56: Rural | B56: 2014 | C56: July | D56: =TEXT(DATE(B56, MONTH(1&C56), 1), "mmm-yy") -> Jul-14 | E56: 121.7 | F56: 122.5 | G56: 117.7 | H56: 120.6 | I56: 110.4 | J56: 129.1 | K56: 150.1 | L56: 113.2 | M56: 104.8 | N56: 113.3 | O56: 115.6 | P56: 120.9 | Q56: 123.3 | R56: 118 | S56: 120.7 | T56: 118.3 | U56: 120.3 | V56: ='Handle Missing Value Sheet only'!$F$5 -> 139.27097 | W56: 115.3 | X56: 115.4 | Y56: 113.4 | Z56: 113.2 | AA56: 111.8 | AB56: 115.5 | AC56: 108.8 | AD56: 113.1 | AE56: 119.5 | AF56: =AVERAGE(All_India_Index_Upto_April23__1___1[[#This Row],[Cereals and products]:[Pan, tobacco and intoxicants]]) -> 120.08571 | AG56: =AVERAGE(All_India_Index_Upto_April23__1___1[[#This Row],[Household goods and services]],All_India_Index_Upto_April23__1___1[[#This Row],[Housing]]) -> 127.33548 | AH56: =AVERAGE(All_India_Index_Upto_April23__1___1[[#This Row],[Miscellaneous]],All_India_Index_Upto_April23__1___1[[#This Row],[Personal care and effects]],All_India_Index_Upto_April23__1___1[[#This Row],[Education]],All_India_Index_Upto_April23__1___1[[#This Row],[Recreation and amusement]]) -> 112.3 | AI56: =SUM(All_India_Index_Upto_April23__1___1[[#This Row],[Cereals and products]:[Pan, tobacco and intoxicants]]) -> 1681.2 | AJ56: =SUM(All_India_Index_Upto_April23__1___1[[#This Row],[Household goods and services]],All_India_Index_Upto_April23__1___1[[#This Row],[Housing]]) -> 254.67097 | AK56: =All_India_Index_Upto_April23__1___1[[#This Row],[Clothing]]+All_India_Index_Upto_April23__1___1[[#This Row],[Footwear]] -> 239 | AL56: =All_India_Index_Upto_April23__1___1[[#This Row],[Miscellaneous]]+All_India_Index_Upto_April23__1___1[[#This Row],[Personal care and effects]]+All_India_Index_Upto_April23__1___1[[#This Row],[Education]]+All_India_Index_Upto_April23__1___1[[#This Row],[Recreation and amusement]] -> 449.2 | AM56: =SUM(All_India_Index_Upto_April23__1___1[[#This Row],[Sum of others]],All_India_Index_Upto_April23__1___1[[#This Row],[Sum of clothing]],All_India_Index_Upto_April23__1___1[[#This Row],[Sum of Housing Exp]],All_India_Index_Upto_April23__1___1[[#This Row],[Sum of food expenses]],All_India_Index_Upto_April23__1___1[[#This Row],[Transport and communication]],All_India_Index_Upto_April23__1___1[[#This Row],[Health]],All_India_Index_Upto_April23__1___1[[#This Row],[Fuel and light]]) -> 2965.971
A57: Urban | B57: 2014 | C57: July | D57: =TEXT(DATE(B57, MONTH(1&C57), 1), "mmm-yy") -> Jul-14 | E57: 123.8 | F57: 126.4 | G57: 118 | H57: 121.6 | I57: 103.5 | J57: 133.7 | K57: 172.4 | L57: 113.1 | M57: 102.7 | N57: 120 | O57: 113.8 | P57: 123.4 | Q57: 127.1 | R57: 121 | S57: 118 | T57: 113.6 | U57: 117.4 | V57: 114.8 | W57: 111.6 | X57: 114.9 | Y57: 111.5 | Z57: 113 | AA57: 112.4 | AB57: 117.8 | AC57: 109.7 | AD57: 113.5 | AE57: 118.9 | AF57: =AVERAGE(All_India_Index_Upto_April23__1___1[[#This Row],[Cereals and products]:[Pan, tobacco and intoxicants]]) -> 122.89286 | AG57: =AVERAGE(All_India_Index_Upto_April23__1___1[[#This Row],[Household goods and services]],All_India_Index_Upto_April23__1___1[[#This Row],[Housing]]) -> 114.85 | AH57: =AVERAGE(All_India_Index_Upto_April23__1___1[[#This Row],[Miscellaneous]],All_India_Index_Upto_April23__1___1[[#This Row],[Personal care and effects]],All_India_Index_Upto_April23__1___1[[#This Row],[Education]],All_India_Index_Upto_April23__1___1[[#This Row],[Recreation and amusement]]) -> 113.35 | AI57: =SUM(All_India_Index_Upto_April23__1___1[[#This Row],[Cereals and products]:[Pan, tobacco and intoxicants]]) -> 1720.5 | AJ57: =SUM(All_India_Index_Upto_April23__1___1[[#This Row],[Household goods and services]],All_India_Index_Upto_April23__1___1[[#This Row],[Housing]]) -> 229.7 | AK57: =All_India_Index_Upto_April23__1___1[[#This Row],[Clothing]]+All_India_Index_Upto_April23__1___1[[#This Row],[Footwear]] -> 231.6 | AL57: =All_India_Index_Upto_April23__1___1[[#This Row],[Miscellaneous]]+All_India_Index_Upto_April23__1___1[[#This Row],[Personal care and effects]]+All_India_Index_Upto_April23__1___1[[#This Row],[Education]]+All_India_Index_Upto_April23__1___1[[#This Row],[Recreation and amusement]] -> 453.4 | AM57: =SUM(All_India_Index_Upto_April23__1___1[[#This Row],[Sum of others]],All_India_Index_Upto_April23__1___1[[#This Row],[Sum of clothing]],All_India_Index_Upto_April23__1___1[[#This Row],[Sum of Housing Exp]],All_India_Index_Upto_April23__1___1[[#This Row],[Sum of food expenses]],All_India_Index_Upto_April23__1___1[[#This Row],[Transport and communication]],All_India_Index_Upto_April23__1___1[[#This Row],[Health]],All_India_Index_Upto_April23__1___1[[#This Row],[Fuel and light]]) -> 2971.3
A58: Rural+Urban | B58: 2014 | C58: July | D58: =TEXT(DATE(B58, MONTH(1&C58), 1), "mmm-yy") -> Jul-14 | E58: 122.4 | F58: 123.9 | G58: 117.8 | H58: 121 | I58: 107.9 | J58: 131.2 | K58: 157.7 | L58: 113.2 | M58: 104.1 | N58: 115.5 | O58: 114.8 | P58: 122.1 | Q58: 124.7 | R58: 118.8 | S58: 119.6 | T58: 116.3 | U58: 119.1 | V58: 114.8 | W58: 113.9 | X58: 115.2 | Y58: 112.7 | Z58: 113.1 | AA58: 112.1 | AB58: 116.8 | AC58: 109.2 | AD58: 113.3 | AE58: 119.2 | AF58: =AVERAGE(All_India_Index_Upto_April23__1___1[[#This Row],[Cereals and products]:[Pan, tobacco and intoxicants]]) -> 121.07857 | AG58: =AVERAGE(All_India_Index_Upto_April23__1___1[[#This Row],[Household goods and services]],All_India_Index_Upto_April23__1___1[[#This Row],[Housing]]) -> 115 | AH58: =AVERAGE(All_India_Index_Upto_April23__1___1[[#This Row],[Miscellaneous]],All_India_Index_Upto_April23__1___1[[#This Row],[Personal care and effects]],All_India_Index_Upto_April23__1___1[[#This Row],[Education]],All_India_Index_Upto_April23__1___1[[#This Row],[Recreation and amusement]]) -> 112.85 | AI58: =SUM(All_India_Index_Upto_April23__1___1[[#This Row],[Cereals and products]:[Pan, tobacco and intoxicants]]) -> 1695.1 | AJ58: =SUM(All_India_Index_Upto_April23__1___1[[#This Row],[Household goods and services]],All_India_Index_Upto_April23__1___1[[#This Row],[Housing]]) -> 230 | AK58: =All_India_Index_Upto_April23__1___1[[#This Row],[Clothing]]+All_India_Index_Upto_April23__1___1[[#This Row],[Footwear]] -> 235.9 | AL58: =All_India_Index_Upto_April23__1___1[[#This Row],[Miscellaneous]]+All_India_Index_Upto_April23__1___1[[#This Row],[Personal care and effects]]+All_India_Index_Upto_April23__1___1[[#This Row],[Education]]+All_India_Index_Upto_April23__1___1[[#This Row],[Recreation and amusement]] -> 451.4 | AM58: =SUM(All_India_Index_Upto_April23__1___1[[#This Row],[Sum of others]],All_India_Index_Upto_April23__1___1[[#This Row],[Sum of clothing]],All_India_Index_Upto_April23__1___1[[#This Row],[Sum of Housing Exp]],All_India_Index_Upto_April23__1___1[[#This Row],[Sum of food expenses]],All_India_Index_Upto_April23__1___1[[#This Row],[Transport and communication]],All_India_Index_Upto_April23__1___1[[#This Row],[Health]],All_India_Index_Upto_April23__1___1[[#This Row],[Fuel and light]]) -> 2952.1
A59: Rural | B59: 2014 | C59: August | D59: =TEXT(DATE(B59, MONTH(1&C59), 1), "mmm-yy") -> Aug-14 | E59: 121.8 | F59: 122.8 | G59: 117.8 | H59: 121.9 | I59: 110.6 | J59: 129.7 | K59: 161.1 | L59: 114.1 | M59: 105.1 | N59: 114.6 | O59: 115.8 | P59: 121.7 | Q59: 125.3 | R59: 118.8 | S59: 120.9 | T59: 118.8 | U59: 120.7 | V59: ='Handle Missing Value Sheet only'!$F$5 -> 139.27097 | W59: 115.4 | X59: 115.9 | Y59: 114 | Z59: 113.2 | AA59: 112.2 | AB59: 116.2 | AC59: 109.4 | AD59: 113.5 | AE59: 120.7 | AF59: =AVERAGE(All_India_Index_Upto_April23__1___1[[#This Row],[Cereals and products]:[Pan, tobacco and intoxicants]]) -> 121.50714 | AG59: =AVERAGE(All_India_Index_Upto_April23__1___1[[#This Row],[Household goods and services]],All_India_Index_Upto_April23__1___1[[#This Row],[Housing]]) -> 127.58548 | AH59: =AVERAGE(All_India_Index_Upto_April23__1___1[[#This Row],[Miscellaneous]],All_India_Index_Upto_April23__1___1[[#This Row],[Personal care and effects]],All_India_Index_Upto_April23__1___1[[#This Row],[Education]],All_India_Index_Upto_April23__1___1[[#This Row],[Recreation and amusement]]) -> 112.825 | AI59: =SUM(All_India_Index_Upto_April23__1___1[[#This Row],[Cereals and products]:[Pan, tobacco and intoxicants]]) -> 1701.1 | AJ59: =SUM(All_India_Index_Upto_April23__1___1[[#This Row],[Household goods and services]],All_India_Index_Upto_April23__1___1[[#This Row],[Housing]]) -> 255.17097 | AK59: =All_India_Index_Upto_April23__1___1[[#This Row],[Clothing]]+All_India_Index_Upto_April23__1___1[[#This Row],[Footwear]] -> 239.7 | AL59: =All_India_Index_Upto_April23__1___1[[#This Row],[Miscellaneous]]+All_India_Index_Upto_April23__1___1[[#This Row],[Personal care and effects]]+All_India_Index_Upto_April23__1___1[[#This Row],[Education]]+All_India_Index_Upto_April23__1___1[[#This Row],[Recreation and amusement]] -> 451.3 | AM59: =SUM(All_India_Index_Upto_April23__1___1[[#This Row],[Sum of others]],All_India_Index_Upto_April23__1___1[[#This Row],[Sum of clothing]],All_India_Index_Upto_April23__1___1[[#This Row],[Sum of Housing Exp]],All_India_Index_Upto_April23__1___1[[#This Row],[Sum of food expenses]],All_India_Index_Upto_April23__1___1[[#This Row],[Transport and communication]],All_India_Index_Upto_April23__1___1[[#This Row],[Health]],All_India_Index_Upto_April23__1___1[[#This Row],[Fuel and light]]) -> 2989.871
A60: Urban | B60: 2014 | C60: August | D60: =TEXT(DATE(B60, MONTH(1&C60), 1), "mmm-yy") -> Aug-14 | E60: 124.8 | F60: 127.3 | G60: 116.5 | H60: 122.2 | I60: 103.6 | J60: 132.7 | K60: 181.9 | L60: 115.2 | M60: 102.7 | N60: 122.1 | O60: 114.4 | P60: 124.7 | Q60: 128.9 | R60: 123 | S60: 118.6 | T60: 114.1 | U60: 117.9 | V60: 115.5 | W60: 111.8 | X60: 115.3 | Y60: 112.2 | Z60: 112.5 | AA60: 112.9 | AB60: 119.2 | AC60: 110.5 | AD60: 113.9 | AE60: 119.9 | AF60: =AVERAGE(All_India_Index_Upto_April23__1___1[[#This Row],[Cereals and products]:[Pan, tobacco and intoxicants]]) -> 124.28571 | AG60: =AVERAGE(All_India_Index_Upto_April23__1___1[[#This Row],[Household goods and services]],All_India_Index_Upto_April23__1___1[[#This Row],[Housing]]) -> 115.4 | AH60: =AVERAGE(All_India_Index_Upto_April23__1___1[[#This Row],[Miscellaneous]],All_India_Index_Upto_April23__1___1[[#This Row],[Personal care and effects]],All_India_Index_Upto_April23__1___1[[#This Row],[Education]],All_India_Index_Upto_April23__1___1[[#This Row],[Recreation and amusement]]) -> 114.125 | AI60: =SUM(All_India_Index_Upto_April23__1___1[[#This Row],[Cereals and products]:[Pan, tobacco and intoxicants]]) -> 1740 | AJ60: =SUM(All_India_Index_Upto_April23__1___1[[#This Row],[Household goods and services]],All_India_Index_Upto_April23__1___1[[#This Row],[Housing]]) -> 230.8 | AK60: =All_India_Index_Upto_April23__1___1[[#This Row],[Clothing]]+All_India_Index_Upto_April23__1___1[[#This Row],[Footwear]] -> 232.7 | AL60: =All_India_Index_Upto_April23__1___1[[#This Row],[Miscellaneous]]+All_India_Index_Upto_April23__1___1[[#This Row],[Personal care and effects]]+All_India_Index_Upto_April23__1___1[[#This Row],[Education]]+All_India_Index_Upto_April23__1___1[[#This Row],[Recreation and amusement]] -> 456.5 | AM60: =SUM(All_India_Index_Upto_April23__1___1[[#This Row],[Sum of others]],All_India_Index_Upto_April23__1___1[[#This Row],[Sum of clothing]],All_India_Index_Upto_April23__1___1[[#This Row],[Sum of Housing Exp]],All_India_Index_Upto_April23__1___1[[#This Row],[Sum of food expenses]],All_India_Index_Upto_April23__1___1[[#This Row],[Transport and communication]],All_India_Index_Upto_April23__1___1[[#This Row],[Health]],All_India_Index_Upto_April23__1___1[[#This Row],[Fuel and light]]) -> 2996.5
A61: Rural+Urban | B61: 2014 | C61: August | D61: =TEXT(DATE(B61, MONTH(1&C61), 1), "mmm-yy") -> Aug-14 | E61: 122.7 | F61: 124.4 | G61: 117.3 | H61: 122 | I61: 108 | J61: 131.1 | K61: 168.2 | L61: 114.5 | M61: 104.3 | N61: 117.1 | O61: 115.2 | P61: 123.1 | Q61: 126.6 | R61: 119.9 | S61: 120 | T61: 116.8 | U61: 119.6 | V61: 115.5 | W61: 114 | X61: 115.6 | Y61: 113.3 | Z61: 112.8 | AA61: 112.6 | AB61: 118 | AC61: 109.9 | AD61: 113.7 | AE61: 120.3 | AF61: =AVERAGE(All_India_Index_Upto_April23__1___1[[#This Row],[Cereals and products]:[Pan, tobacco and intoxicants]]) -> 122.45714 | AG61: =AVERAGE(All_India_Index_Upto_April23__1___1[[#This Row],[Household goods and services]],All_India_Index_Upto_April23__1___1[[#This Row],[Housing]]) -> 115.55 | AH61: =AVERAGE(All_India_Index_Upto_April23__1___1[[#This Row],[Miscellaneous]],All_India_Index_Upto_April23__1___1[[#This Row],[Personal care and effects]],All_India_Index_Upto_April23__1___1[[#This Row],[Education]],All_India_Index_Upto_April23__1___1[[#This Row],[Recreation and amusement]]) -> 113.55 | AI61: =SUM(All_India_Index_Upto_April23__1___1[[#This Row],[Cereals and products]:[Pan, tobacco and intoxicants]]) -> 1714.4 | AJ61: =SUM(All_India_Index_Upto_April23__1___1[[#This Row],[Household goods and services]],All_India_Index_Upto_April23__1___1[[#This Row],[Housing]]) -> 231.1 | AK61: =All_India_Index_Upto_April23__1___1[[#This Row],[Clothing]]+All_India_Index_Upto_April23__1___1[[#This Row],[Footwear]] -> 236.8 | AL61: =All_India_Index_Upto_April23__1___1[[#This Row],[Miscellaneous]]+All_India_Index_Upto_April23__1___1[[#This Row],[Personal care and effects]]+All_India_Index_Upto_April23__1___1[[#This Row],[Education]]+All_India_Index_Upto_April23__1___1[[#This Row],[Recreation and amusement]] -> 454.2 | AM61: =SUM(All_India_Index_Upto_April23__1___1[[#This Row],[Sum of others]],All_India_Index_Upto_April23__1___1[[#This Row],[Sum of clothing]],All_India_Index_Upto_April23__1___1[[#This Row],[Sum of Housing Exp]],All_India_Index_Upto_April23__1___1[[#This Row],[Sum of food expenses]],All_India_Index_Upto_April23__1___1[[#This Row],[Transport and communication]],All_India_Index_Upto_April23__1___1[[#This Row],[Health]],All_India_Index_Upto_April23__1___1[[#This Row],[Fuel and light]]) -> 2976.6
A62: Rural | B62: 2014 | C62: September | D62: =TEXT(DATE(B62, MONTH(1&C62), 1), "mmm-yy") -> Sep-14 | E62: 122.3 | F62: 122.4 | G62: 117.8 | H62: 122.7 | I62: 110.4 | J62: 129.8 | K62: 158.8 | L62: 115 | M62: 104.7 | N62: 114.9 | O62: 116.5 | P62: 122.6 | Q62: 125.3 | R62: 119.5 | S62: 121.7 | T62: 119.2 | U62: 121.3 | V62: ='Handle Missing Value Sheet only'!$F$5 -> 139.27097 | W62: 115.8 | X62: 116.7 | Y62: 114.5 | Z62: 112.8 | AA62: 112.6 | AB62: 116.6 | AC62: 109.1 | AD62: 113.7 | AE62: 120.9 | AF62: =AVERAGE(All_India_Index_Upto_April23__1___1[[#This Row],[Cereals and products]:[Pan, tobacco and intoxicants]]) -> 121.62143 | AG62: =AVERAGE(All_India_Index_Upto_April23__1___1[[#This Row],[Household goods and services]],All_India_Index_Upto_April23__1___1[[#This Row],[Housing]]) -> 127.98548 | AH62: =AVERAGE(All_India_Index_Upto_April23__1___1[[#This Row],[Miscellaneous]],All_India_Index_Upto_April23__1___1[[#This Row],[Personal care and effects]],All_India_Index_Upto_April23__1___1[[#This Row],[Education]],All_India_Index_Upto_April23__1___1[[#This Row],[Recreation and amusement]]) -> 113 | AI62: =SUM(All_India_Index_Upto_April23__1___1[[#This Row],[Cereals and products]:[Pan, tobacco and intoxicants]]) -> 1702.7 | AJ62: =SUM(All_India_Index_Upto_April23__1___1[[#This Row],[Household goods and services]],All_India_Index_Upto_April23__1___1[[#This Row],[Housing]]) -> 255.97097 | AK62: =All_India_Index_Upto_April23__1___1[[#This Row],[Clothing]]+All_India_Index_Upto_April23__1___1[[#This Row],[Footwear]] -> 240.9 | AL62: =All_India_Index_Upto_April23__1___1[[#This Row],[Miscellaneous]]+All_India_Index_Upto_April23__1___1[[#This Row],[Personal care and effects]]+All_India_Index_Upto_April23__1___1[[#This Row],[Education]]+All_India_Index_Upto_April23__1___1[[#This Row],[Recreation and amusement]] -> 452 | AM62: =SUM(All_India_Index_Upto_April23__1___1[[#This Row],[Sum of others]],All_India_Index_Upto_April23__1___1[[#This Row],[Sum of clothing]],All_India_Index_Upto_April23__1___1[[#This Row],[Sum of Housing Exp]],All_India_Index_Upto_April23__1___1[[#This Row],[Sum of food expenses]],All_India_Index_Upto_April23__1___1[[#This Row],[Transport and communication]],All_India_Index_Upto_April23__1___1[[#This Row],[Health]],All_India_Index_Upto_April23__1___1[[#This Row],[Fuel and light]]) -> 2994.671
A63: Urban | B63: 2014 | C63: September | D63: =TEXT(DATE(B63, MONTH(1&C63), 1), "mmm-yy") -> Sep-14 | E63: 124.2 | F63: 125.4 | G63: 116.4 | H63: 122.7 | I63: 103.5 | J63: 124.5 | K63: 168.6 | L63: 116.9 | M63: 101.9 | N63: 122.9 | O63: 114.8 | P63: 125.2 | Q63: 126.7 | R63: 124.3 | S63: 119.2 | T63: 114.5 | U63: 118.4 | V63: 116.1 | W63: 111.8 | X63: 115.5 | Y63: 112.3 | Z63: 111.2 | AA63: 113.4 | AB63: 120 | AC63: 110 | AD63: 113.6 | AE63: 119.2 | AF63: =AVERAGE(All_India_Index_Upto_April23__1___1[[#This Row],[Cereals and products]:[Pan, tobacco and intoxicants]]) -> 122.71429 | AG63: =AVERAGE(All_India_Index_Upto_April23__1___1[[#This Row],[Household goods and services]],All_India_Index_Upto_April23__1___1[[#This Row],[Housing]]) -> 115.8 | AH63: =AVERAGE(All_India_Index_Upto_April23__1___1[[#This Row],[Miscellaneous]],All_India_Index_Upto_April23__1___1[[#This Row],[Personal care and effects]],All_India_Index_Upto_April23__1___1[[#This Row],[Education]],All_India_Index_Upto_April23__1___1[[#This Row],[Recreation and amusement]]) -> 114.25 | AI63: =SUM(All_India_Index_Upto_April23__1___1[[#This Row],[Cereals and products]:[Pan, tobacco and intoxicants]]) -> 1718 | AJ63: =SUM(All_India_Index_Upto_April23__1___1[[#This Row],[Household goods and services]],All_India_Index_Upto_April23__1___1[[#This Row],[Housing]]) -> 231.6 | AK63: =All_India_Index_Upto_April23__1___1[[#This Row],[Clothing]]+All_India_Index_Upto_April23__1___1[[#This Row],[Footwear]] -> 233.7 | AL63: =All_India_Index_Upto_April23__1___1[[#This Row],[Miscellaneous]]+All_India_Index_Upto_April23__1___1[[#This Row],[Personal care and effects]]+All_India_Index_Upto_April23__1___1[[#This Row],[Education]]+All_India_Index_Upto_April23__1___1[[#This Row],[Recreation and amusement]] -> 457 | AM63: =SUM(All_India_Index_Upto_April23__1___1[[#This Row],[Sum of others]],All_India_Index_Upto_April23__1___1[[#This Row],[Sum of clothing]],All_India_Index_Upto_April23__1___1[[#This Row],[Sum of Housing Exp]],All_India_Index_Upto_April23__1___1[[#This Row],[Sum of food expenses]],All_India_Index_Upto_April23__1___1[[#This Row],[Transport and communication]],All_India_Index_Upto_April23__1___1[[#This Row],[Health]],All_India_Index_Upto_April23__1___1[[#This Row],[Fuel and light]]) -> 2975.6
A64: Rural+Urban | B64: 2014 | C64: September | D64: =TEXT(DATE(B64, MONTH(1&C64), 1), "mmm-yy") -> Sep-14 | E64: 122.9 | F64: 123.5 | G64: 117.3 | H64: 122.7 | I64: 107.9 | J64: 127.3 | K64: 162.1 | L64: 115.6 | M64: 103.8 | N64: 117.6 | O64: 115.8 | P64: 123.8 | Q64: 125.8 | R64: 120.8 | S64: 120.7 | T64: 117.2 | U64: 120.1 | V64: 116.1 | W64: 114.3 | X64: 116.1 | Y64: 113.7 | Z64: 112 | AA64: 113.1 | AB64: 118.6 | AC64: 109.5 | AD64: 113.7 | AE64: 120.1 | AF64: =AVERAGE(All_India_Index_Upto_April23__1___1[[#This Row],[Cereals and products]:[Pan, tobacco and intoxicants]]) -> 121.92143 | AG64: =AVERAGE(All_India_Index_Upto_April23__1___1[[#This Row],[Household goods and services]],All_India_Index_Upto_April23__1___1[[#This Row],[Housing]]) -> 116.1 | AH64: =AVERAGE(All_India_Index_Upto_April23__1___1[[#This Row],[Miscellaneous]],All_India_Index_Upto_April23__1___1[[#This Row],[Personal care and effects]],All_India_Index_Upto_April23__1___1[[#This Row],[Education]],All_India_Index_Upto_April23__1___1[[#This Row],[Recreation and amusement]]) -> 113.725 | AI64: =SUM(All_India_Index_Upto_April23__1___1[[#This Row],[Cereals and products]:[Pan, tobacco and intoxicants]]) -> 1706.9 | AJ64: =SUM(All_India_Index_Upto_April23__1___1[[#This Row],[Household goods and services]],All_India_Index_Upto_April23__1___1[[#This Row],[Housing]]) -> 232.2 | AK64: =All_India_Index_Upto_April23__1___1[[#This Row],[Clothing]]+All_India_Index_Upto_April23__1___1[[#This Row],[Footwear]] -> 237.9 | AL64: =All_India_Index_Upto_April23__1___1[[#This Row],[Miscellaneous]]+All_India_Index_Upto_April23__1___1[[#This Row],[Personal care and effects]]+All_India_Index_Upto_April23__1___1[[#This Row],[Education]]+All_India_Index_Upto_April23__1___1[[#This Row],[Recreation and amusement]] -> 454.9 | AM64: =SUM(All_India_Index_Upto_April23__1___1[[#This Row],[Sum of others]],All_India_Index_Upto_April23__1___1[[#This Row],[Sum of clothing]],All_India_Index_Upto_April23__1___1[[#This Row],[Sum of Housing Exp]],All_India_Index_Upto_April23__1___1[[#This Row],[Sum of food expenses]],All_India_Index_Upto_April23__1___1[[#This Row],[Transport and communication]],All_India_Index_Upto_April23__1___1[[#This Row],[Health]],All_India_Index_Upto_April23__1___1[[#This Row],[Fuel and light]]) -> 2971.9
A65: Rural | B65: 2014 | C65: October | D65: =TEXT(DATE(B65, MONTH(1&C65), 1), "mmm-yy") -> Oct-14 | E65: 122.6 | F65: 122.5 | G65: 118.3 | H65: 123.2 | I65: 110.5 | J65: 128.9 | K65: 155.3 | L65: 115.5 | M65: 104 | N65: 115.3 | O65: 116.8 | P65: 123.2 | Q65: 125.1 | R65: 120 | S65: 122.7 | T65: 120.3 | U65: 122.3 | V65: ='Handle Missing Value Sheet only'!$F$5 -> 139.27097 | W65: 116.4 | X65: 117.5 | Y65: 115.3 | Z65: 112.6 | AA65: 113 | AB65: 116.9 | AC65: 109.3 | AD65: 114 | AE65: 121 | AF65: =AVERAGE(All_India_Index_Upto_April23__1___1[[#This Row],[Cereals and products]:[Pan, tobacco and intoxicants]]) -> 121.51429 | AG65: =AVERAGE(All_India_Index_Upto_April23__1___1[[#This Row],[Household goods and services]],All_India_Index_Upto_April23__1___1[[#This Row],[Housing]]) -> 128.38548 | AH65: =AVERAGE(All_India_Index_Upto_April23__1___1[[#This Row],[Miscellaneous]],All_India_Index_Upto_April23__1___1[[#This Row],[Personal care and effects]],All_India_Index_Upto_April23__1___1[[#This Row],[Education]],All_India_Index_Upto_April23__1___1[[#This Row],[Recreation and amusement]]) -> 113.3 | AI65: =SUM(All_India_Index_Upto_April23__1___1[[#This Row],[Cereals and products]:[Pan, tobacco and intoxicants]]) -> 1701.2 | AJ65: =SUM(All_India_Index_Upto_April23__1___1[[#This Row],[Household goods and services]],All_India_Index_Upto_April23__1___1[[#This Row],[Housing]]) -> 256.77097 | AK65: =All_India_Index_Upto_April23__1___1[[#This Row],[Clothing]]+All_India_Index_Upto_April23__1___1[[#This Row],[Footwear]] -> 243 | AL65: =All_India_Index_Upto_April23__1___1[[#This Row],[Miscellaneous]]+All_India_Index_Upto_April23__1___1[[#This Row],[Personal care and effects]]+All_India_Index_Upto_April23__1___1[[#This Row],[Education]]+All_India_Index_Upto_April23__1___1[[#This Row],[Recreation and amusement]] -> 453.2 | AM65: =SUM(All_India_Index_Upto_April23__1___1[[#This Row],[Sum of others]],All_India_Index_Upto_April23__1___1[[#This Row],[Sum of clothing]],All_India_Index_Upto_April23__1___1[[#This Row],[Sum of Housing Exp]],All_India_Index_Upto_April23__1___1[[#This Row],[Sum of food expenses]],All_India_Index_Upto_April23__1___1[[#This Row],[Transport and communication]],All_India_Index_Upto_April23__1___1[[#This Row],[Health]],All_India_Index_Upto_April23__1___1[[#This Row],[Fuel and light]]) -> 2998.471
A66: Urban | B66: 2014 | C66: October | D66: =TEXT(DATE(B66, MONTH(1&C66), 1), "mmm-yy") -> Oct-14 | E66: 124.6 | F66: 126.1 | G66: 117.8 | H66: 123.1 | I66: 103.5 | J66: 123.5 | K66: 159.6 | L66: 117.4 | M66: 101.2 | N66: 123.8 | O66: 115.2 | P66: 125.9 | Q66: 125.8 | R66: 124.3 | S66: 119.6 | T66: 114.9 | U66: 118.9 | V66: 116.7 | W66: 112 | X66: 115.8 | Y66: 112.6 | Z66: 111 | AA66: 113.6 | AB66: 120.2 | AC66: 110.1 | AD66: 113.7 | AE66: 119.1 | AF66: =AVERAGE(All_India_Index_Upto_April23__1___1[[#This Row],[Cereals and products]:[Pan, tobacco and intoxicants]]) -> 122.27143 | AG66: =AVERAGE(All_India_Index_Upto_April23__1___1[[#This Row],[Household goods and services]],All_India_Index_Upto_April23__1___1[[#This Row],[Housing]]) -> 116.25 | AH66: =AVERAGE(All_India_Index_Upto_April23__1___1[[#This Row],[Miscellaneous]],All_India_Index_Upto_April23__1___1[[#This Row],[Personal care and effects]],All_India_Index_Upto_April23__1___1[[#This Row],[Education]],All_India_Index_Upto_April23__1___1[[#This Row],[Recreation and amusement]]) -> 114.4 | AI66: =SUM(All_India_Index_Upto_April23__1___1[[#This Row],[Cereals and products]:[Pan, tobacco and intoxicants]]) -> 1711.8 | AJ66: =SUM(All_India_Index_Upto_April23__1___1[[#This Row],[Household goods and services]],All_India_Index_Upto_April23__1___1[[#This Row],[Housing]]) -> 232.5 | AK66: =All_India_Index_Upto_April23__1___1[[#This Row],[Clothing]]+All_India_Index_Upto_April23__1___1[[#This Row],[Footwear]] -> 234.5 | AL66: =All_India_Index_Upto_April23__1___1[[#This Row],[Miscellaneous]]+All_India_Index_Upto_April23__1___1[[#This Row],[Personal care and effects]]+All_India_Index_Upto_April23__1___1[[#This Row],[Education]]+All_India_Index_Upto_April23__1___1[[#This Row],[Recreation and amusement]] -> 457.6 | AM66: =SUM(All_India_Index_Upto_April23__1___1[[#This Row],[Sum of others]],All_India_Index_Upto_April23__1___1[[#This Row],[Sum of clothing]],All_India_Index_Upto_April23__1___1[[#This Row],[Sum of Housing Exp]],All_India_Index_Upto_April23__1___1[[#This Row],[Sum of food expenses]],All_India_Index_Upto_April23__1___1[[#This Row],[Transport and communication]],All_India_Index_Upto_April23__1___1[[#This Row],[Health]],All_India_Index_Upto_April23__1___1[[#This Row],[Fuel and light]]) -> 2972
A67: Rural+Urban | B67: 2014 | C67: October | D67: =TEXT(DATE(B67, MONTH(1&C67), 1), "mmm-yy") -> Oct-14 | E67: 123.2 | F67: 123.8 | G67: 118.1 | H67: 123.2 | I67: 107.9 | J67: 126.4 | K67: 156.8 | L67: 116.1 | M67: 103.1 | N67: 118.1 | O67: 116.1 | P67: 124.5 | Q67: 125.4 | R67: 121.1 | S67: 121.5 | T67: 118.1 | U67: 121 | V67: 116.7 | W67: 114.7 | X67: 116.7 | Y67: 114.3 | Z67: 111.8 | AA67: 113.3 | AB67: 118.8 | AC67: 109.6 | AD67: 113.9 | AE67: 120.1 | AF67: =AVERAGE(All_India_Index_Upto_April23__1___1[[#This Row],[Cereals and products]:[Pan, tobacco and intoxicants]]) -> 121.7 | AG67: =AVERAGE(All_India_Index_Upto_April23__1___1[[#This Row],[Household goods and services]],All_India_Index_Upto_April23__1___1[[#This Row],[Housing]]) -> 116.7 | AH67: =AVERAGE(All_India_Index_Upto_April23__1___1[[#This Row],[Miscellaneous]],All_India_Index_Upto_April23__1___1[[#This Row],[Personal care and effects]],All_India_Index_Upto_April23__1___1[[#This Row],[Education]],All_India_Index_Upto_April23__1___1[[#This Row],[Recreation and amusement]]) -> 113.9 | AI67: =SUM(All_India_Index_Upto_April23__1___1[[#This Row],[Cereals and products]:[Pan, tobacco and intoxicants]]) -> 1703.8 | AJ67: =SUM(All_India_Index_Upto_April23__1___1[[#This Row],[Household goods and services]],All_India_Index_Upto_April23__1___1[[#This Row],[Housing]]) -> 233.4 | AK67: =All_India_Index_Upto_April23__1___1[[#This Row],[Clothing]]+All_India_Index_Upto_April23__1___1[[#This Row],[Footwear]] -> 239.6 | AL67: =All_India_Index_Upto_April23__1___1[[#This Row],[Miscellaneous]]+All_India_Index_Upto_April23__1___1[[#This Row],[Personal care and effects]]+All_India_Index_Upto_April23__1___1[[#This Row],[Education]]+All_India_Index_Upto_April23__1___1[[#This Row],[Recreation and amusement]] -> 455.6 | AM67: =SUM(All_India_Index_Upto_April23__1___1[[#This Row],[Sum of others]],All_India_Index_Upto_April23__1___1[[#This Row],[Sum of clothing]],All_India_Index_Upto_April23__1___1[[#This Row],[Sum of Housing Exp]],All_India_Index_Upto_April23__1___1[[#This Row],[Sum of food expenses]],All_India_Index_Upto_April23__1___1[[#This Row],[Transport and communication]],All_India_Index_Upto_April23__1___1[[#This Row],[Health]],All_India_Index_Upto_April23__1___1[[#This Row],[Fuel and light]]) -> 2973.2
A68: Rural | B68: 2014 | C68: November | D68: =TEXT(DATE(B68, MONTH(1&C68), 1), "mmm-yy") -> Nov-14 | E68: 122.7 | F68: 122.6 | G68: 119.9 | H68: 124 | I68: 110.5 | J68: 128.8 | K68: 152 | L68: 116.2 | M68: 103.3 | N68: 115.8 | O68: 116.8 | P68: 124.5 | Q68: 124.9 | R68: 120.8 | S68: 123.3 | T68: 120.5 | U68: 122.9 | V68: ='Handle Missing Value Sheet only'!$F$5 -> 139.27097 | W68: 117.3 | X68: 118.1 | Y68: 115.9 | Z68: 112 | AA68: 113.3 | AB68: 117.2 | AC68: 108.8 | AD68: 114.1 | AE68: 121.1 | AF68: =AVERAGE(All_India_Index_Upto_April23__1___1[[#This Row],[Cereals and products]:[Pan, tobacco and intoxicants]]) -> 121.62857 | AG68: =AVERAGE(All_India_Index_Upto_April23__1___1[[#This Row],[Household goods and services]],All_India_Index_Upto_April23__1___1[[#This Row],[Housing]]) -> 128.68548 | AH68: =AVERAGE(All_India_Index_Upto_April23__1___1[[#This Row],[Miscellaneous]],All_India_Index_Upto_April23__1___1[[#This Row],[Personal care and effects]],All_India_Index_Upto_April23__1___1[[#This Row],[Education]],All_India_Index_Upto_April23__1___1[[#This Row],[Recreation and amusement]]) -> 113.35 | AI68: =SUM(All_India_Index_Upto_April23__1___1[[#This Row],[Cereals and products]:[Pan, tobacco and intoxicants]]) -> 1702.8 | AJ68: =SUM(All_India_Index_Upto_April23__1___1[[#This Row],[Household goods and services]],All_India_Index_Upto_April23__1___1[[#This Row],[Housing]]) -> 257.37097 | AK68: =All_India_Index_Upto_April23__1___1[[#This Row],[Clothing]]+All_India_Index_Upto_April23__1___1[[#This Row],[Footwear]] -> 243.8 | AL68: =All_India_Index_Upto_April23__1___1[[#This Row],[Miscellaneous]]+All_India_Index_Upto_April23__1___1[[#This Row],[Personal care and effects]]+All_India_Index_Upto_April23__1___1[[#This Row],[Education]]+All_India_Index_Upto_April23__1___1[[#This Row],[Recreation and amusement]] -> 453.4 | AM68: =SUM(All_India_Index_Upto_April23__1___1[[#This Row],[Sum of others]],All_India_Index_Upto_April23__1___1[[#This Row],[Sum of clothing]],All_India_Index_Upto_April23__1___1[[#This Row],[Sum of Housing Exp]],All_India_Index_Upto_April23__1___1[[#This Row],[Sum of food expenses]],All_India_Index_Upto_April23__1___1[[#This Row],[Transport and communication]],All_India_Index_Upto_April23__1___1[[#This Row],[Health]],All_India_Index_Upto_April23__1___1[[#This Row],[Fuel and light]]) -> 3002.571
A69: Urban | B69: 2014 | C69: November | D69: =TEXT(DATE(B69, MONTH(1&C69), 1), "mmm-yy") -> Nov-14 | E69: 124.5 | F69: 125.6 | G69: 122.7 | H69: 124.6 | I69: 103.2 | J69: 122.2 | K69: 153.2 | L69: 119.3 | M69: 99.8 | N69: 124.6 | O69: 115.8 | P69: 126.9 | Q69: 125.4 | R69: 125.8 | S69: 120.3 | T69: 115.4 | U69: 119.5 | V69: 117.1 | W69: 112.6 | X69: 116.4 | Y69: 113 | Z69: 109.7 | AA69: 114 | AB69: 120.3 | AC69: 109.6 | AD69: 113.4 | AE69: 119 | AF69: =AVERAGE(All_India_Index_Upto_April23__1___1[[#This Row],[Cereals and products]:[Pan, tobacco and intoxicants]]) -> 122.4 | AG69: =AVERAGE(All_India_Index_Upto_April23__1___1[[#This Row],[Household goods and services]],All_India_Index_Upto_April23__1___1[[#This Row],[Housing]]) -> 116.75 | AH69: =AVERAGE(All_India_Index_Upto_April23__1___1[[#This Row],[Miscellaneous]],All_India_Index_Upto_April23__1___1[[#This Row],[Personal care and effects]],All_India_Index_Upto_April23__1___1[[#This Row],[Education]],All_India_Index_Upto_April23__1___1[[#This Row],[Recreation and amusement]]) -> 114.325 | AI69: =SUM(All_India_Index_Upto_April23__1___1[[#This Row],[Cereals and products]:[Pan, tobacco and intoxicants]]) -> 1713.6 | AJ69: =SUM(All_India_Index_Upto_April23__1___1[[#This Row],[Household goods and services]],All_India_Index_Upto_April23__1___1[[#This Row],[Housing]]) -> 233.5 | AK69: =All_India_Index_Upto_April23__1___1[[#This Row],[Clothing]]+All_India_Index_Upto_April23__1___1[[#This Row],[Footwear]] -> 235.7 | AL69: =All_India_Index_Upto_April23__1___1[[#This Row],[Miscellaneous]]+All_India_Index_Upto_April23__1___1[[#This Row],[Personal care and effects]]+All_India_Index_Upto_April23__1___1[[#This Row],[Education]]+All_India_Index_Upto_April23__1___1[[#This Row],[Recreation and amusement]] -> 457.3 | AM69: =SUM(All_India_Index_Upto_April23__1___1[[#This Row],[Sum of others]],All_India_Index_Upto_April23__1___1[[#This Row],[Sum of clothing]],All_India_Index_Upto_April23__1___1[[#This Row],[Sum of Housing Exp]],All_India_Index_Upto_April23__1___1[[#This Row],[Sum of food expenses]],All_India_Index_Upto_April23__1___1[[#This Row],[Transport and communication]],All_India_Index_Upto_April23__1___1[[#This Row],[Health]],All_India_Index_Upto_April23__1___1[[#This Row],[Fuel and light]]) -> 2975.4
A70: Rural+Urban | B70: 2014 | C70: November | D70: =TEXT(DATE(B70, MONTH(1&C70), 1), "mmm-yy") -> Nov-14 | E70: 123.3 | F70: 123.7 | G70: 121 | H70: 124.2 | I70: 107.8 | J70: 125.7 | K70: 152.4 | L70: 117.2 | M70: 102.1 | N70: 118.7 | O70: 116.4 | P70: 125.6 | Q70: 125.1 | R70: 122.1 | S70: 122.1 | T70: 118.4 | U70: 121.6 | V70: 117.1 | W70: 115.5 | X70: 117.3 | Y70: 114.8 | Z70: 110.8 | AA70: 113.7 | AB70: 119 | AC70: 109.1 | AD70: 113.8 | AE70: 120.1 | AF70: =AVERAGE(All_India_Index_Upto_April23__1___1[[#This Row],[Cereals and products]:[Pan, tobacco and intoxicants]]) -> 121.80714 | AG70: =AVERAGE(All_India_Index_Upto_April23__1___1[[#This Row],[Household goods and services]],All_India_Index_Upto_April23__1___1[[#This Row],[Housing]]) -> 117.2 | AH70: =AVERAGE(All_India_Index_Upto_April23__1___1[[#This Row],[Miscellaneous]],All_India_Index_Upto_April23__1___1[[#This Row],[Personal care and effects]],All_India_Index_Upto_April23__1___1[[#This Row],[Education]],All_India_Index_Upto_April23__1___1[[#This Row],[Recreation and amusement]]) -> 113.9 | AI70: =SUM(All_India_Index_Upto_April23__1___1[[#This Row],[Cereals and products]:[Pan, tobacco and intoxicants]]) -> 1705.3 | AJ70: =SUM(All_India_Index_Upto_April23__1___1[[#This Row],[Household goods and services]],All_India_Index_Upto_April23__1___1[[#This Row],[Housing]]) -> 234.4 | AK70: =All_India_Index_Upto_April23__1___1[[#This Row],[Clothing]]+All_India_Index_Upto_April23__1___1[[#This Row],[Footwear]] -> 240.5 | AL70: =All_India_Index_Upto_April23__1___1[[#This Row],[Miscellaneous]]+All_India_Index_Upto_April23__1___1[[#This Row],[Personal care and effects]]+All_India_Index_Upto_April23__1___1[[#This Row],[Education]]+All_India_Index_Upto_April23__1___1[[#This Row],[Recreation and amusement]] -> 455.6 | AM70: =SUM(All_India_Index_Upto_April23__1___1[[#This Row],[Sum of others]],All_India_Index_Upto_April23__1___1[[#This Row],[Sum of clothing]],All_India_Index_Upto_April23__1___1[[#This Row],[Sum of Housing Exp]],All_India_Index_Upto_April23__1___1[[#This Row],[Sum of food expenses]],All_India_Index_Upto_April23__1___1[[#This Row],[Transport and communication]],All_India_Index_Upto_April23__1___1[[#This Row],[Health]],All_India_Index_Upto_April23__1___1[[#This Row],[Fuel and light]]) -> 2976.9
A71: Rural | B71: 2014 | C71: December | D71: =TEXT(DATE(B71, MONTH(1&C71), 1), "mmm-yy") -> Dec-14 | E71: 122.4 | F71: 122.4 | G71: 121.8 | H71: 124.2 | I71: 110.2 | J71: 128.6 | K71: 140.3 | L71: 116.3 | M71: 102 | N71: 116 | O71: 117.3 | P71: 124.8 | Q71: 123.3 | R71: 121.7 | S71: 123.8 | T71: 120.6 | U71: 123.3 | V71: ='Handle Missing Value Sheet only'!$F$5 -> 139.27097 | W71: 117.4 | X71: 118.2 | Y71: 116.2 | Z71: 111.5 | AA71: 113.3 | AB71: 117.7 | AC71: 109.4 | AD71: 114.2 | AE71: 120.3 | AF71: =AVERAGE(All_India_Index_Upto_April23__1___1[[#This Row],[Cereals and products]:[Pan, tobacco and intoxicants]]) -> 120.80714 | AG71: =AVERAGE(All_India_Index_Upto_April23__1___1[[#This Row],[Household goods and services]],All_India_Index_Upto_April23__1___1[[#This Row],[Housing]]) -> 128.73548 | AH71: =AVERAGE(All_India_Index_Upto_April23__1___1[[#This Row],[Miscellaneous]],All_India_Index_Upto_April23__1___1[[#This Row],[Personal care and effects]],All_India_Index_Upto_April23__1___1[[#This Row],[Education]],All_India_Index_Upto_April23__1___1[[#This Row],[Recreation and amusement]]) -> 113.65 | AI71: =SUM(All_India_Index_Upto_April23__1___1[[#This Row],[Cereals and products]:[Pan, tobacco and intoxicants]]) -> 1691.3 | AJ71: =SUM(All_India_Index_Upto_April23__1___1[[#This Row],[Household goods and services]],All_India_Index_Upto_April23__1___1[[#This Row],[Housing]]) -> 257.47097 | AK71: =All_India_Index_Upto_April23__1___1[[#This Row],[Clothing]]+All_India_Index_Upto_April23__1___1[[#This Row],[Footwear]] -> 244.4 | AL71: =All_India_Index_Upto_April23__1___1[[#This Row],[Miscellaneous]]+All_India_Index_Upto_April23__1___1[[#This Row],[Personal care and effects]]+All_India_Index_Upto_April23__1___1[[#This Row],[Education]]+All_India_Index_Upto_April23__1___1[[#This Row],[Recreation and amusement]] -> 454.6 | AM71: =SUM(All_India_Index_Upto_April23__1___1[[#This Row],[Sum of others]],All_India_Index_Upto_April23__1___1[[#This Row],[Sum of clothing]],All_India_Index_Upto_April23__1___1[[#This Row],[Sum of Housing Exp]],All_India_Index_Upto_April23__1___1[[#This Row],[Sum of food expenses]],All_India_Index_Upto_April23__1___1[[#This Row],[Transport and communication]],All_India_Index_Upto_April23__1___1[[#This Row],[Health]],All_India_Index_Upto_April23__1___1[[#This Row],[Fuel and light]]) -> 2992.871
A72: Urban | B72: 2014 | C72: December | D72: =TEXT(DATE(B72, MONTH(1&C72), 1), "mmm-yy") -> Dec-14 | E72: 124 | F72: 124.7 | G72: 126.3 | H72: 124.9 | I72: 103 | J72: 122.3 | K72: 141 | L72: 120.1 | M72: 97.8 | N72: 125.4 | O72: 116.1 | P72: 127.6 | Q72: 124 | R72: 126.4 | S72: 120.7 | T72: 115.8 | U72: 120 | V72: 116.5 | W72: 113 | X72: 116.8 | Y72: 113.2 | Z72: 108.8 | AA72: 114.3 | AB72: 120.7 | AC72: 110.4 | AD72: 113.4 | AE72: 118.4 | AF72: =AVERAGE(All_India_Index_Upto_April23__1___1[[#This Row],[Cereals and products]:[Pan, tobacco and intoxicants]]) -> 121.68571 | AG72: =AVERAGE(All_India_Index_Upto_April23__1___1[[#This Row],[Household goods and services]],All_India_Index_Upto_April23__1___1[[#This Row],[Housing]]) -> 116.65 | AH72: =AVERAGE(All_India_Index_Upto_April23__1___1[[#This Row],[Miscellaneous]],All_India_Index_Upto_April23__1___1[[#This Row],[Personal care and effects]],All_India_Index_Upto_April23__1___1[[#This Row],[Education]],All_India_Index_Upto_April23__1___1[[#This Row],[Recreation and amusement]]) -> 114.7 | AI72: =SUM(All_India_Index_Upto_April23__1___1[[#This Row],[Cereals and products]:[Pan, tobacco and intoxicants]]) -> 1703.6 | AJ72: =SUM(All_India_Index_Upto_April23__1___1[[#This Row],[Household goods and services]],All_India_Index_Upto_April23__1___1[[#This Row],[Housing]]) -> 233.3 | AK72: =All_India_Index_Upto_April23__1___1[[#This Row],[Clothing]]+All_India_Index_Upto_April23__1___1[[#This Row],[Footwear]] -> 236.5 | AL72: =All_India_Index_Upto_April23__1___1[[#This Row],[Miscellaneous]]+All_India_Index_Upto_April23__1___1[[#This Row],[Personal care and effects]]+All_India_Index_Upto_April23__1___1[[#This Row],[Education]]+All_India_Index_Upto_April23__1___1[[#This Row],[Recreation and amusement]] -> 458.8 | AM72: =SUM(All_India_Index_Upto_April23__1___1[[#This Row],[Sum of others]],All_India_Index_Upto_April23__1___1[[#This Row],[Sum of clothing]],All_India_Index_Upto_April23__1___1[[#This Row],[Sum of Housing Exp]],All_India_Index_Upto_April23__1___1[[#This Row],[Sum of food expenses]],All_India_Index_Upto_April23__1___1[[#This Row],[Transport and communication]],All_India_Index_Upto_April23__1___1[[#This Row],[Health]],All_India_Index_Upto_April23__1___1[[#This Row],[Fuel and light]]) -> 2967.2
A73: Rural+Urban | B73: 2014 | C73: December | D73: =TEXT(DATE(B73, MONTH(1&C73), 1), "mmm-yy") -> Dec-14 | E73: 122.9 | F73: 123.2 | G73: 123.5 | H73: 124.5 | I73: 107.6 | J73: 125.7 | K73: 140.5 | L73: 117.6 | M73: 100.6 | N73: 119.1 | O73: 116.8 | P73: 126.1 | Q73: 123.6 | R73: 123 | S73: 122.6 | T73: 118.6 | U73: 122 | V73: 116.5 | W73: 115.7 | X73: 117.5 | Y73: 115.1 | Z73: 110.1 | AA73: 113.9 | AB73: 119.5 | AC73: 109.8 | AD73: 113.8 | AE73: 119.4 | AF73: =AVERAGE(All_India_Index_Upto_April23__1___1[[#This Row],[Cereals and products]:[Pan, tobacco and intoxicants]]) -> 121.05 | AG73: =AVERAGE(All_India_Index_Upto_April23__1___1[[#This Row],[Household goods and services]],All_India_Index_Upto_April23__1___1[[#This Row],[Housing]]) -> 117 | AH73: =AVERAGE(All_India_Index_Upto_April23__1___1[[#This Row],[Miscellaneous]],All_India_Index_Upto_April23__1___1[[#This Row],[Personal care and effects]],All_India_Index_Upto_April23__1___1[[#This Row],[Education]],All_India_Index_Upto_April23__1___1[[#This Row],[Recreation and amusement]]) -> 114.25 | AI73: =SUM(All_India_Index_Upto_April23__1___1[[#This Row],[Cereals and products]:[Pan, tobacco and intoxicants]]) -> 1694.7 | AJ73: =SUM(All_India_Index_Upto_April23__1___1[[#This Row],[Household goods and services]],All_India_Index_Upto_April23__1___1[[#This Row],[Housing]]) -> 234 | AK73: =All_India_Index_Upto_April23__1___1[[#This Row],[Clothing]]+All_India_Index_Upto_April23__1___1[[#This Row],[Footwear]] -> 241.2 | AL73: =All_India_Index_Upto_April23__1___1[[#This Row],[Miscellaneous]]+All_India_Index_Upto_April23__1___1[[#This Row],[Personal care and effects]]+All_India_Index_Upto_April23__1___1[[#This Row],[Education]]+All_India_Index_Upto_April23__1___1[[#This Row],[Recreation and amusement]] -> 457 | AM73: =SUM(All_India_Index_Upto_April23__1___1[[#This Row],[Sum of others]],All_India_Index_Upto_April23__1___1[[#This Row],[Sum of clothing]],All_India_Index_Upto_April23__1___1[[#This Row],[Sum of Housing Exp]],All_India_Index_Upto_April23__1___1[[#This Row],[Sum of food expenses]],All_India_Index_Upto_April23__1___1[[#This Row],[Transport and communication]],All_India_Index_Upto_April23__1___1[[#This Row],[Health]],All_India_Index_Upto_April23__1___1[[#This Row],[Fuel and light]]) -> 2967.8
A74: Rural | B74: 2015 | C74: January | D74: =TEXT(DATE(B74, MONTH(1&C74), 1), "mmm-yy") -> Jan-15 | E74: 123.1 | F74: 123.1 | G74: 122.1 | H74: 124.9 | I74: 111 | J74: 130.4 | K74: 132.3 | L74: 117.2 | M74: 100.5 | N74: 117.2 | O74: 117.9 | P74: 125.6 | Q74: 122.8 | R74: 122.7 | S74: 124.4 | T74: 121.6 | U74: 124 | V74: ='Handle Missing Value Sheet only'!$F$5 -> 139.27097 | W74: 118.4 | X74: 118.9 | Y74: 116.6 | Z74: 111 | AA74: 114 | AB74: 118.2 | AC74: 110.2 | AD74: 114.5 | AE74: 120.3 | AF74: =AVERAGE(All_India_Index_Upto_April23__1___1[[#This Row],[Cereals and products]:[Pan, tobacco and intoxicants]]) -> 120.77143 | AG74: =AVERAGE(All_India_Index_Upto_April23__1___1[[#This Row],[Household goods and services]],All_India_Index_Upto_April23__1___1[[#This Row],[Housing]]) -> 129.08548 | AH74: =AVERAGE(All_India_Index_Upto_April23__1___1[[#This Row],[Miscellaneous]],All_India_Index_Upto_April23__1___1[[#This Row],[Personal care and effects]],All_India_Index_Upto_April23__1___1[[#This Row],[Education]],All_India_Index_Upto_April23__1___1[[#This Row],[Recreation and amusement]]) -> 114.225 | AI74: =SUM(All_India_Index_Upto_April23__1___1[[#This Row],[Cereals and products]:[Pan, tobacco and intoxicants]]) -> 1690.8 | AJ74: =SUM(All_India_Index_Upto_April23__1___1[[#This Row],[Household goods and services]],All_India_Index_Upto_April23__1___1[[#This Row],[Housing]]) -> 258.17097 | AK74: =All_India_Index_Upto_April23__1___1[[#This Row],[Clothing]]+All_India_Index_Upto_April23__1___1[[#This Row],[Footwear]] -> 246 | AL74: =All_India_Index_Upto_April23__1___1[[#This Row],[Miscellaneous]]+All_India_Index_Upto_April23__1___1[[#This Row],[Personal care and effects]]+All_India_Index_Upto_April23__1___1[[#This Row],[Education]]+All_India_Index_Upto_April23__1___1[[#This Row],[Recreation and amusement]] -> 456.9 | AM74: =SUM(All_India_Index_Upto_April23__1___1[[#This Row],[Sum of others]],All_India_Index_Upto_April23__1___1[[#This Row],[Sum of clothing]],All_India_Index_Upto_April23__1___1[[#This Row],[Sum of Housing Exp]],All_India_Index_Upto_April23__1___1[[#This Row],[Sum of food expenses]],All_India_Index_Upto_April23__1___1[[#This Row],[Transport and communication]],All_India_Index_Upto_April23__1___1[[#This Row],[Health]],All_India_Index_Upto_April23__1___1[[#This Row],[Fuel and light]]) -> 2997.871
A75: Urban | B75: 2015 | C75: January | D75: =TEXT(DATE(B75, MONTH(1&C75), 1), "mmm-yy") -> Jan-15 | E75: 124 | F75: 125.5 | G75: 126.6 | H75: 125.2 | I75: 104.3 | J75: 121.3 | K75: 134.4 | L75: 122.9 | M75: 96.1 | N75: 126.6 | O75: 116.5 | P75: 128 | Q75: 123.5 | R75: 127.4 | S75: 121 | T75: 116.1 | U75: 120.2 | V75: 117.3 | W75: 113.4 | X75: 117.2 | Y75: 113.7 | Z75: 107.9 | AA75: 114.6 | AB75: 120.8 | AC75: 111.4 | AD75: 113.4 | AE75: 118.5 | AF75: =AVERAGE(All_India_Index_Upto_April23__1___1[[#This Row],[Cereals and products]:[Pan, tobacco and intoxicants]]) -> 121.59286 | AG75: =AVERAGE(All_India_Index_Upto_April23__1___1[[#This Row],[Household goods and services]],All_India_Index_Upto_April23__1___1[[#This Row],[Housing]]) -> 117.25 | AH75: =AVERAGE(All_India_Index_Upto_April23__1___1[[#This Row],[Miscellaneous]],All_India_Index_Upto_April23__1___1[[#This Row],[Personal care and effects]],All_India_Index_Upto_April23__1___1[[#This Row],[Education]],All_India_Index_Upto_April23__1___1[[#This Row],[Recreation and amusement]]) -> 115.05 | AI75: =SUM(All_India_Index_Upto_April23__1___1[[#This Row],[Cereals and products]:[Pan, tobacco and intoxicants]]) -> 1702.3 | AJ75: =SUM(All_India_Index_Upto_April23__1___1[[#This Row],[Household goods and services]],All_India_Index_Upto_April23__1___1[[#This Row],[Housing]]) -> 234.5 | AK75: =All_India_Index_Upto_April23__1___1[[#This Row],[Clothing]]+All_India_Index_Upto_April23__1___1[[#This Row],[Footwear]] -> 237.1 | AL75: =All_India_Index_Upto_April23__1___1[[#This Row],[Miscellaneous]]+All_India_Index_Upto_April23__1___1[[#This Row],[Personal care and effects]]+All_India_Index_Upto_April23__1___1[[#This Row],[Education]]+All_India_Index_Upto_April23__1___1[[#This Row],[Recreation and amusement]] -> 460.2 | AM75: =SUM(All_India_Index_Upto_April23__1___1[[#This Row],[Sum of others]],All_India_Index_Upto_April23__1___1[[#This Row],[Sum of clothing]],All_India_Index_Upto_April23__1___1[[#This Row],[Sum of Housing Exp]],All_India_Index_Upto_April23__1___1[[#This Row],[Sum of food expenses]],All_India_Index_Upto_April23__1___1[[#This Row],[Transport and communication]],All_India_Index_Upto_April23__1___1[[#This Row],[Health]],All_India_Index_Upto_April23__1___1[[#This Row],[Fuel and light]]) -> 2969.1
A76: Rural+Urban | B76: 2015 | C76: January | D76: =TEXT(DATE(B76, MONTH(1&C76), 1), "mmm-yy") -> Jan-15 | E76: 123.4 | F76: 123.9 | G76: 123.8 | H76: 125 | I76: 108.5 | J76: 126.2 | K76: 133 | L76: 119.1 | M76: 99 | N76: 120.3 | O76: 117.3 | P76: 126.7 | Q76: 123.1 | R76: 124 | S76: 123.1 | T76: 119.3 | U76: 122.5 | V76: 117.3 | W76: 116.5 | X76: 118.1 | Y76: 115.5 | Z76: 109.4 | AA76: 114.3 | AB76: 119.7 | AC76: 110.7 | AD76: 114 | AE76: 119.5 | AF76: =AVERAGE(All_India_Index_Upto_April23__1___1[[#This Row],[Cereals and products]:[Pan, tobacco and intoxicants]]) -> 120.95 | AG76: =AVERAGE(All_India_Index_Upto_April23__1___1[[#This Row],[Household goods and services]],All_India_Index_Upto_April23__1___1[[#This Row],[Housing]]) -> 117.7 | AH76: =AVERAGE(All_India_Index_Upto_April23__1___1[[#This Row],[Miscellaneous]],All_India_Index_Upto_April23__1___1[[#This Row],[Personal care and effects]],All_India_Index_Upto_April23__1___1[[#This Row],[Education]],All_India_Index_Upto_April23__1___1[[#This Row],[Recreation and amusement]]) -> 114.675 | AI76: =SUM(All_India_Index_Upto_April23__1___1[[#This Row],[Cereals and products]:[Pan, tobacco and intoxicants]]) -> 1693.3 | AJ76: =SUM(All_India_Index_Upto_April23__1___1[[#This Row],[Household goods and services]],All_India_Index_Upto_April23__1___1[[#This Row],[Housing]]) -> 235.4 | AK76: =All_India_Index_Upto_April23__1___1[[#This Row],[Clothing]]+All_India_Index_Upto_April23__1___1[[#This Row],[Footwear]] -> 242.4 | AL76: =All_India_Index_Upto_April23__1___1[[#This Row],[Miscellaneous]]+All_India_Index_Upto_April23__1___1[[#This Row],[Personal care and effects]]+All_India_Index_Upto_April23__1___1[[#This Row],[Education]]+All_India_Index_Upto_April23__1___1[[#This Row],[Recreation and amusement]] -> 458.7 | AM76: =SUM(All_India_Index_Upto_April23__1___1[[#This Row],[Sum of others]],All_India_Index_Upto_April23__1___1[[#This Row],[Sum of clothing]],All_India_Index_Upto_April23__1___1[[#This Row],[Sum of Housing Exp]],All_India_Index_Upto_April23__1___1[[#This Row],[Sum of food expenses]],All_India_Index_Upto_April23__1___1[[#This Row],[Transport and communication]],All_India_Index_Upto_April23__1___1[[#This Row],[Health]],All_India_Index_Upto_April23__1___1[[#This Row],[Fuel and light]]) -> 2971.2
A77: Rural | B77: 2015 | C77: February | D77: =TEXT(DATE(B77, MONTH(1&C77), 1), "mmm-yy") -> Feb-15 | E77: 123.4 | F77: 124.4 | G77: 122.1 | H77: 125.8 | I77: 111.5 | J77: 129.4 | K77: 128.2 | L77: 118.8 | M77: 100 | N77: 118.6 | O77: 118.8 | P77: 126.8 | Q77: 122.8 | R77: 124.2 | S77: 125.4 | T77: 122.7 | U77: 125 | V77: ='Handle Missing Value Sheet only'!$F$5 -> 139.27097 | W77: 120 | X77: 119.6 | Y77: 117.7 | Z77: 110.9 | AA77: 114.8 | AB77: 118.7 | AC77: 110.8 | AD77: 115 | AE77: 120.6 | AF77: =AVERAGE(All_India_Index_Upto_April23__1___1[[#This Row],[Cereals and products]:[Pan, tobacco and intoxicants]]) -> 121.05714 | AG77: =AVERAGE(All_India_Index_Upto_April23__1___1[[#This Row],[Household goods and services]],All_India_Index_Upto_April23__1___1[[#This Row],[Housing]]) -> 129.43548 | AH77: =AVERAGE(All_India_Index_Upto_April23__1___1[[#This Row],[Miscellaneous]],All_India_Index_Upto_April23__1___1[[#This Row],[Personal care and effects]],All_India_Index_Upto_April23__1___1[[#This Row],[Education]],All_India_Index_Upto_April23__1___1[[#This Row],[Recreation and amusement]]) -> 114.825 | AI77: =SUM(All_India_Index_Upto_April23__1___1[[#This Row],[Cereals and products]:[Pan, tobacco and intoxicants]]) -> 1694.8 | AJ77: =SUM(All_India_Index_Upto_April23__1___1[[#This Row],[Household goods and services]],All_India_Index_Upto_April23__1___1[[#This Row],[Housing]]) -> 258.87097 | AK77: =All_India_Index_Upto_April23__1___1[[#This Row],[Clothing]]+All_India_Index_Upto_April23__1___1[[#This Row],[Footwear]] -> 248.1 | AL77: =All_India_Index_Upto_April23__1___1[[#This Row],[Miscellaneous]]+All_India_Index_Upto_April23__1___1[[#This Row],[Personal care and effects]]+All_India_Index_Upto_April23__1___1[[#This Row],[Education]]+All_India_Index_Upto_April23__1___1[[#This Row],[Recreation and amusement]] -> 459.3 | AM77: =SUM(All_India_Index_Upto_April23__1___1[[#This Row],[Sum of others]],All_India_Index_Upto_April23__1___1[[#This Row],[Sum of clothing]],All_India_Index_Upto_April23__1___1[[#This Row],[Sum of Housing Exp]],All_India_Index_Upto_April23__1___1[[#This Row],[Sum of food expenses]],All_India_Index_Upto_April23__1___1[[#This Row],[Transport and communication]],All_India_Index_Upto_April23__1___1[[#This Row],[Health]],All_India_Index_Upto_April23__1___1[[#This Row],[Fuel and light]]) -> 3009.671
A78: Urban | B78: 2015 | C78: February | D78: =TEXT(DATE(B78, MONTH(1&C78), 1), "mmm-yy") -> Feb-15 | E78: 124.3 | F78: 126.5 | G78: 119.5 | H78: 125.6 | I78: 104.9 | J78: 121.6 | K78: 131.8 | L78: 125.1 | M78: 95 | N78: 127.7 | O78: 116.8 | P78: 128.6 | Q78: 123.7 | R78: 128.1 | S78: 121.3 | T78: 116.5 | U78: 120.6 | V78: 118.1 | W78: 114 | X78: 117.7 | Y78: 114.1 | Z78: 106.8 | AA78: 114.9 | AB78: 120.4 | AC78: 111.7 | AD78: 113.2 | AE78: 118.7 | AF78: =AVERAGE(All_India_Index_Upto_April23__1___1[[#This Row],[Cereals and products]:[Pan, tobacco and intoxicants]]) -> 121.37143 | AG78: =AVERAGE(All_India_Index_Upto_April23__1___1[[#This Row],[Household goods and services]],All_India_Index_Upto_April23__1___1[[#This Row],[Housing]]) -> 117.9 | AH78: =AVERAGE(All_India_Index_Upto_April23__1___1[[#This Row],[Miscellaneous]],All_India_Index_Upto_April23__1___1[[#This Row],[Personal care and effects]],All_India_Index_Upto_April23__1___1[[#This Row],[Education]],All_India_Index_Upto_April23__1___1[[#This Row],[Recreation and amusement]]) -> 115.05 | AI78: =SUM(All_India_Index_Upto_April23__1___1[[#This Row],[Cereals and products]:[Pan, tobacco and intoxicants]]) -> 1699.2 | AJ78: =SUM(All_India_Index_Upto_April23__1___1[[#This Row],[Household goods and services]],All_India_Index_Upto_April23__1___1[[#This Row],[Housing]]) -> 235.8 | AK78: =All_India_Index_Upto_April23__1___1[[#This Row],[Clothing]]+All_India_Index_Upto_April23__1___1[[#This Row],[Footwear]] -> 237.8 | AL78: =All_India_Index_Upto_April23__1___1[[#This Row],[Miscellaneous]]+All_India_Index_Upto_April23__1___1[[#This Row],[Personal care and effects]]+All_India_Index_Upto_April23__1___1[[#This Row],[Education]]+All_India_Index_Upto_April23__1___1[[#This Row],[Recreation and amusement]] -> 460.2 | AM78: =SUM(All_India_Index_Upto_April23__1___1[[#This Row],[Sum of others]],All_India_Index_Upto_April23__1___1[[#This Row],[Sum of clothing]],All_India_Index_Upto_April23__1___1[[#This Row],[Sum of Housing Exp]],All_India_Index_Upto_April23__1___1[[#This Row],[Sum of food expenses]],All_India_Index_Upto_April23__1___1[[#This Row],[Transport and communication]],All_India_Index_Upto_April23__1___1[[#This Row],[Health]],All_India_Index_Upto_April23__1___1[[#This Row],[Fuel and light]]) -> 2967.9
A79: Rural+Urban | B79: 2015 | C79: February | D79: =TEXT(DATE(B79, MONTH(1&C79), 1), "mmm-yy") -> Feb-15 | E79: 123.7 | F79: 125.1 | G79: 121.1 | H79: 125.7 | I79: 109.1 | J79: 125.8 | K79: 129.4 | L79: 120.9 | M79: 98.3 | N79: 121.6 | O79: 118 | P79: 127.6 | Q79: 123.1 | R79: 125.2 | S79: 123.8 | T79: 120.1 | U79: 123.3 | V79: 118.1 | W79: 117.7 | X79: 118.7 | Y79: 116.3 | Z79: 108.7 | AA79: 114.9 | AB79: 119.7 | AC79: 111.2 | AD79: 114.1 | AE79: 119.7 | AF79: =AVERAGE(All_India_Index_Upto_April23__1___1[[#This Row],[Cereals and products]:[Pan, tobacco and intoxicants]]) -> 121.04286 | AG79: =AVERAGE(All_India_Index_Upto_April23__1___1[[#This Row],[Household goods and services]],All_India_Index_Upto_April23__1___1[[#This Row],[Housing]]) -> 118.4 | AH79: =AVERAGE(All_India_Index_Upto_April23__1___1[[#This Row],[Miscellaneous]],All_India_Index_Upto_April23__1___1[[#This Row],[Personal care and effects]],All_India_Index_Upto_April23__1___1[[#This Row],[Education]],All_India_Index_Upto_April23__1___1[[#This Row],[Recreation and amusement]]) -> 114.975 | AI79: =SUM(All_India_Index_Upto_April23__1___1[[#This Row],[Cereals and products]:[Pan, tobacco and intoxicants]]) -> 1694.6 | AJ79: =SUM(All_India_Index_Upto_April23__1___1[[#This Row],[Household goods and services]],All_India_Index_Upto_April23__1___1[[#This Row],[Housing]]) -> 236.8 | AK79: =All_India_Index_Upto_April23__1___1[[#This Row],[Clothing]]+All_India_Index_Upto_April23__1___1[[#This Row],[Footwear]] -> 243.9 | AL79: =All_India_Index_Upto_April23__1___1[[#This Row],[Miscellaneous]]+All_India_Index_Upto_April23__1___1[[#This Row],[Personal care and effects]]+All_India_Index_Upto_April23__1___1[[#This Row],[Education]]+All_India_Index_Upto_April23__1___1[[#This Row],[Recreation and amusement]] -> 459.9 | AM79: =SUM(All_India_Index_Upto_April23__1___1[[#This Row],[Sum of others]],All_India_Index_Upto_April23__1___1[[#This Row],[Sum of clothing]],All_India_Index_Upto_April23__1___1[[#This Row],[Sum of Housing Exp]],All_India_Index_Upto_April23__1___1[[#This Row],[Sum of food expenses]],All_India_Index_Upto_April23__1___1[[#This Row],[Transport and communication]],All_India_Index_Upto_April23__1___1[[#This Row],[Health]],All_India_Index_Upto_April23__1___1[[#This Row],[Fuel and light]]) -> 2977.9
A80: Rural | B80: 2015 | C80: March | D80: =TEXT(DATE(B80, MONTH(1&C80), 1), "mmm-yy") -> Mar-15 | E80: 123.3 | F80: 124.7 | G80: 118.9 | H80: 126 | I80: 111.8 | J80: 130.9 | K80: 128 | L80: 119.9 | M80: 98.9 | N80: 119.4 | O80: 118.9 | P80: 127.7 | Q80: 123.1 | R80: 124.7 | S80: 126 | T80: 122.9 | U80: 125.5 | V80: ='Handle Missing Value Sheet only'!$F$5 -> 139.27097 | W80: 120.6 | X80: 120.2 | Y80: 118.2 | Z80: 111.6 | AA80: 115.5 | AB80: 119.4 | AC80: 110.8 | AD80: 115.5 | AE80: 121.1 | AF80: =AVERAGE(All_India_Index_Upto_April23__1___1[[#This Row],[Cereals and products]:[Pan, tobacco and intoxicants]]) -> 121.15714 | AG80: =AVERAGE(All_India_Index_Upto_April23__1___1[[#This Row],[Household goods and services]],All_India_Index_Upto_April23__1___1[[#This Row],[Housing]]) -> 129.73548 | AH80: =AVERAGE(All_India_Index_Upto_April23__1___1[[#This Row],[Miscellaneous]],All_India_Index_Upto_April23__1___1[[#This Row],[Personal care and effects]],All_India_Index_Upto_April23__1___1[[#This Row],[Education]],All_India_Index_Upto_April23__1___1[[#This Row],[Recreation and amusement]]) -> 115.3 | AI80: =SUM(All_India_Index_Upto_April23__1___1[[#This Row],[Cereals and products]:[Pan, tobacco and intoxicants]]) -> 1696.2 | AJ80: =SUM(All_India_Index_Upto_April23__1___1[[#This Row],[Household goods and services]],All_India_Index_Upto_April23__1___1[[#This Row],[Housing]]) -> 259.47097 | AK80: =All_India_Index_Upto_April23__1___1[[#This Row],[Clothing]]+All_India_Index_Upto_April23__1___1[[#This Row],[Footwear]] -> 248.9 | AL80: =All_India_Index_Upto_April23__1___1[[#This Row],[Miscellaneous]]+All_India_Index_Upto_April23__1___1[[#This Row],[Personal care and effects]]+All_India_Index_Upto_April23__1___1[[#This Row],[Education]]+All_India_Index_Upto_April23__1___1[[#This Row],[Recreation and amusement]] -> 461.2 | AM80: =SUM(All_India_Index_Upto_April23__1___1[[#This Row],[Sum of others]],All_India_Index_Upto_April23__1___1[[#This Row],[Sum of clothing]],All_India_Index_Upto_April23__1___1[[#This Row],[Sum of Housing Exp]],All_India_Index_Upto_April23__1___1[[#This Row],[Sum of food expenses]],All_India_Index_Upto_April23__1___1[[#This Row],[Transport and communication]],All_India_Index_Upto_April23__1___1[[#This Row],[Health]],All_India_Index_Upto_April23__1___1[[#This Row],[Fuel and light]]) -> 3016.171
A81: Urban | B81: 2015 | C81: March | D81: =TEXT(DATE(B81, MONTH(1&C81), 1), "mmm-yy") -> Mar-15 | E81: 124 | F81: 126.7 | G81: 113.5 | H81: 125.9 | I81: 104.8 | J81: 123.8 | K81: 131.4 | L81: 127.2 | M81: 93.2 | N81: 127.4 | O81: 117 | P81: 129.2 | Q81: 123.9 | R81: 128.8 | S81: 121.7 | T81: 116.9 | U81: 120.9 | V81: 118.6 | W81: 114.4 | X81: 118 | Y81: 114.3 | Z81: 108.4 | AA81: 115.4 | AB81: 120.6 | AC81: 111.3 | AD81: 113.8 | AE81: 119.1 | AF81: =AVERAGE(All_India_Index_Upto_April23__1___1[[#This Row],[Cereals and products]:[Pan, tobacco and intoxicants]]) -> 121.2 | AG81: =AVERAGE(All_India_Index_Upto_April23__1___1[[#This Row],[Household goods and services]],All_India_Index_Upto_April23__1___1[[#This Row],[Housing]]) -> 118.3 | AH81: =AVERAGE(All_India_Index_Upto_April23__1___1[[#This Row],[Miscellaneous]],All_India_Index_Upto_April23__1___1[[#This Row],[Personal care and effects]],All_India_Index_Upto_April23__1___1[[#This Row],[Education]],All_India_Index_Upto_April23__1___1[[#This Row],[Recreation and amusement]]) -> 115.275 | AI81: =SUM(All_India_Index_Upto_April23__1___1[[#This Row],[Cereals and products]:[Pan, tobacco and intoxicants]]) -> 1696.8 | AJ81: =SUM(All_India_Index_Upto_April23__1___1[[#This Row],[Household goods and services]],All_India_Index_Upto_April23__1___1[[#This Row],[Housing]]) -> 236.6 | AK81: =All_India_Index_Upto_April23__1___1[[#This Row],[Clothing]]+All_India_Index_Upto_April23__1___1[[#This Row],[Footwear]] -> 238.6 | AL81: =All_India_Index_Upto_April23__1___1[[#This Row],[Miscellaneous]]+All_India_Index_Upto_April23__1___1[[#This Row],[Personal care and effects]]+All_India_Index_Upto_April23__1___1[[#This Row],[Education]]+All_India_Index_Upto_April23__1___1[[#This Row],[Recreation and amusement]] -> 461.1 | AM81: =SUM(All_India_Index_Upto_April23__1___1[[#This Row],[Sum of others]],All_India_Index_Upto_April23__1___1[[#This Row],[Sum of clothing]],All_India_Index_Upto_April23__1___1[[#This Row],[Sum of Housing Exp]],All_India_Index_Upto_April23__1___1[[#This Row],[Sum of food expenses]],All_India_Index_Upto_April23__1___1[[#This Row],[Transport and communication]],All_India_Index_Upto_April23__1___1[[#This Row],[Health]],All_India_Index_Upto_April23__1___1[[#This Row],[Fuel and light]]) -> 2970.2
A82: Rural+Urban | B82: 2015 | C82: March | D82: =TEXT(DATE(B82, MONTH(1&C82), 1), "mmm-yy") -> Mar-15 | E82: 123.5 | F82: 125.4 | G82: 116.8 | H82: 126 | I82: 109.2 | J82: 127.6 | K82: 129.2 | L82: 122.4 | M82: 97 | N82: 122.1 | O82: 118.1 | P82: 128.4 | Q82: 123.4 | R82: 125.8 | S82: 124.3 | T82: 120.4 | U82: 123.7 | V82: 118.6 | W82: 118.3 | X82: 119.2 | Y82: 116.7 | Z82: 109.9 | AA82: 115.4 | AB82: 120.1 | AC82: 111 | AD82: 114.7 | AE82: 120.2 | AF82: =AVERAGE(All_India_Index_Upto_April23__1___1[[#This Row],[Cereals and products]:[Pan, tobacco and intoxicants]]) -> 121.06429 | AG82: =AVERAGE(All_India_Index_Upto_April23__1___1[[#This Row],[Household goods and services]],All_India_Index_Upto_April23__1___1[[#This Row],[Housing]]) -> 118.9 | AH82: =AVERAGE(All_India_Index_Upto_April23__1___1[[#This Row],[Miscellaneous]],All_India_Index_Upto_April23__1___1[[#This Row],[Personal care and effects]],All_India_Index_Upto_April23__1___1[[#This Row],[Education]],All_India_Index_Upto_April23__1___1[[#This Row],[Recreation and amusement]]) -> 115.3 | AI82: =SUM(All_India_Index_Upto_April23__1___1[[#This Row],[Cereals and products]:[Pan, tobacco and intoxicants]]) -> 1694.9 | AJ82: =SUM(All_India_Index_Upto_April23__1___1[[#This Row],[Household goods and services]],All_India_Index_Upto_April23__1___1[[#This Row],[Housing]]) -> 237.8 | AK82: =All_India_Index_Upto_April23__1___1[[#This Row],[Clothing]]+All_India_Index_Upto_April23__1___1[[#This Row],[Footwear]] -> 244.7 | AL82: =All_India_Index_Upto_April23__1___1[[#This Row],[Miscellaneous]]+All_India_Index_Upto_April23__1___1[[#This Row],[Personal care and effects]]+All_India_Index_Upto_April23__1___1[[#This Row],[Education]]+All_India_Index_Upto_April23__1___1[[#This Row],[Recreation and amusement]] -> 461.2 | AM82: =SUM(All_India_Index_Upto_April23__1___1[[#This Row],[Sum of others]],All_India_Index_Upto_April23__1___1[[#This Row],[Sum of clothing]],All_India_Index_Upto_April23__1___1[[#This Row],[Sum of Housing Exp]],All_India_Index_Upto_April23__1___1[[#This Row],[Sum of food expenses]],All_India_Index_Upto_April23__1___1[[#This Row],[Transport and communication]],All_India_Index_Upto_April23__1___1[[#This Row],[Health]],All_India_Index_Upto_April23__1___1[[#This Row],[Fuel and light]]) -> 2983.5
A83: Rural | B83: 2015 | C83: April | D83: =TEXT(DATE(B83, MONTH(1&C83), 1), "mmm-yy") -> Apr-15 | E83: 123.3 | F83: 125.5 | G83: 117.2 | H83: 126.8 | I83: 111.9 | J83: 134.2 | K83: 127.5 | L83: 121.5 | M83: 97.8 | N83: 119.8 | O83: 119.4 | P83: 128.7 | Q83: 123.6 | R83: 125.7 | S83: 126.4 | T83: 123.3 | U83: 126 | V83: ='Handle Missing Value Sheet only'!$F$5 -> 139.27097 | W83: 121.2 | X83: 120.9 | Y83: 118.6 | Z83: 111.9 | AA83: 116.2 | AB83: 119.9 | AC83: 111.6 | AD83: 116 | AE83: 121.5 | AF83: =AVERAGE(All_India_Index_Upto_April23__1___1[[#This Row],[Cereals and products]:[Pan, tobacco and intoxicants]]) -> 121.63571 | AG83: =AVERAGE(All_India_Index_Upto_April23__1___1[[#This Row],[Household goods and services]],All_India_Index_Upto_April23__1___1[[#This Row],[Housing]]) -> 130.08548 | AH83: =AVERAGE(All_India_Index_Upto_April23__1___1[[#This Row],[Miscellaneous]],All_India_Index_Upto_April23__1___1[[#This Row],[Personal care and effects]],All_India_Index_Upto_April23__1___1[[#This Row],[Education]],All_India_Index_Upto_April23__1___1[[#This Row],[Recreation and amusement]]) -> 115.925 | AI83: =SUM(All_India_Index_Upto_April23__1___1[[#This Row],[Cereals and products]:[Pan, tobacco and intoxicants]]) -> 1702.9 | AJ83: =SUM(All_India_Index_Upto_April23__1___1[[#This Row],[Household goods and services]],All_India_Index_Upto_April23__1___1[[#This Row],[Housing]]) -> 260.17097 | AK83: =All_India_Index_Upto_April23__1___1[[#This Row],[Clothing]]+All_India_Index_Upto_April23__1___1[[#This Row],[Footwear]] -> 249.7 | AL83: =All_India_Index_Upto_April23__1___1[[#This Row],[Miscellaneous]]+All_India_Index_Upto_April23__1___1[[#This Row],[Personal care and effects]]+All_India_Index_Upto_April23__1___1[[#This Row],[Education]]+All_India_Index_Upto_April23__1___1[[#This Row],[Recreation and amusement]] -> 463.7 | AM83: =SUM(All_India_Index_Upto_April23__1___1[[#This Row],[Sum of others]],All_India_Index_Upto_April23__1___1[[#This Row],[Sum of clothing]],All_India_Index_Upto_April23__1___1[[#This Row],[Sum of Housing Exp]],All_India_Index_Upto_April23__1___1[[#This Row],[Sum of food expenses]],All_India_Index_Upto_April23__1___1[[#This Row],[Transport and communication]],All_India_Index_Upto_April23__1___1[[#This Row],[Health]],All_India_Index_Upto_April23__1___1[[#This Row],[Fuel and light]]) -> 3028.171
A84: Urban | B84: 2015 | C84: April | D84: =TEXT(DATE(B84, MONTH(1&C84), 1), "mmm-yy") -> Apr-15 | E84: 123.8 | F84: 128.2 | G84: 110 | H84: 126.3 | I84: 104.5 | J84: 130.6 | K84: 130.8 | L84: 131.3 | M84: 91.6 | N84: 127.7 | O84: 117.2 | P84: 129.5 | Q84: 124.6 | R84: 130.1 | S84: 122.1 | T84: 117.2 | U84: 121.3 | V84: 119.2 | W84: 114.7 | X84: 118.4 | Y84: 114.6 | Z84: 108.4 | AA84: 115.6 | AB84: 121.7 | AC84: 111.8 | AD84: 114.2 | AE84: 119.7 | AF84: =AVERAGE(All_India_Index_Upto_April23__1___1[[#This Row],[Cereals and products]:[Pan, tobacco and intoxicants]]) -> 121.87143 | AG84: =AVERAGE(All_India_Index_Upto_April23__1___1[[#This Row],[Household goods and services]],All_India_Index_Upto_April23__1___1[[#This Row],[Housing]]) -> 118.8 | AH84: =AVERAGE(All_India_Index_Upto_April23__1___1[[#This Row],[Miscellaneous]],All_India_Index_Upto_April23__1___1[[#This Row],[Personal care and effects]],All_India_Index_Upto_April23__1___1[[#This Row],[Education]],All_India_Index_Upto_April23__1___1[[#This Row],[Recreation and amusement]]) -> 115.825 | AI84: =SUM(All_India_Index_Upto_April23__1___1[[#This Row],[Cereals and products]:[Pan, tobacco and intoxicants]]) -> 1706.2 | AJ84: =SUM(All_India_Index_Upto_April23__1___1[[#This Row],[Household goods and services]],All_India_Index_Upto_April23__1___1[[#This Row],[Housing]]) -> 237.6 | AK84: =All_India_Index_Upto_April23__1___1[[#This Row],[Clothing]]+All_India_Index_Upto_April23__1___1[[#This Row],[Footwear]] -> 239.3 | AL84: =All_India_Index_Upto_April23__1___1[[#This Row],[Miscellaneous]]+All_India_Index_Upto_April23__1___1[[#This Row],[Personal care and effects]]+All_India_Index_Upto_April23__1___1[[#This Row],[Education]]+All_India_Index_Upto_April23__1___1[[#This Row],[Recreation and amusement]] -> 463.3 | AM84: =SUM(All_India_Index_Upto_April23__1___1[[#This Row],[Sum of others]],All_India_Index_Upto_April23__1___1[[#This Row],[Sum of clothing]],All_India_Index_Upto_April23__1___1[[#This Row],[Sum of Housing Exp]],All_India_Index_Upto_April23__1___1[[#This Row],[Sum of food expenses]],All_India_Index_Upto_April23__1___1[[#This Row],[Transport and communication]],All_India_Index_Upto_April23__1___1[[#This Row],[Health]],All_India_Index_Upto_April23__1___1[[#This Row],[Fuel and light]]) -> 2984.1
A85: Rural+Urban | B85: 2015 | C85: April | D85: =TEXT(DATE(B85, MONTH(1&C85), 1), "mmm-yy") -> Apr-15 | E85: 123.5 | F85: 126.4 | G85: 114.4 | H85: 126.6 | I85: 109.2 | J85: 132.5 | K85: 128.6 | L85: 124.8 | M85: 95.7 | N85: 122.4 | O85: 118.5 | P85: 129.1 | Q85: 124 | R85: 126.9 | S85: 124.7 | T85: 120.8 | U85: 124.1 | V85: 119.2 | W85: 118.7 | X85: 119.7 | Y85: 117.1 | Z85: 110.1 | AA85: 115.9 | AB85: 121 | AC85: 111.7 | AD85: 115.1 | AE85: 120.7 | AF85: =AVERAGE(All_India_Index_Upto_April23__1___1[[#This Row],[Cereals and products]:[Pan, tobacco and intoxicants]]) -> 121.61429 | AG85: =AVERAGE(All_India_Index_Upto_April23__1___1[[#This Row],[Household goods and services]],All_India_Index_Upto_April23__1___1[[#This Row],[Housing]]) -> 119.45 | AH85: =AVERAGE(All_India_Index_Upto_April23__1___1[[#This Row],[Miscellaneous]],All_India_Index_Upto_April23__1___1[[#This Row],[Personal care and effects]],All_India_Index_Upto_April23__1___1[[#This Row],[Education]],All_India_Index_Upto_April23__1___1[[#This Row],[Recreation and amusement]]) -> 115.925 | AI85: =SUM(All_India_Index_Upto_April23__1___1[[#This Row],[Cereals and products]:[Pan, tobacco and intoxicants]]) -> 1702.6 | AJ85: =SUM(All_India_Index_Upto_April23__1___1[[#This Row],[Household goods and services]],All_India_Index_Upto_April23__1___1[[#This Row],[Housing]]) -> 238.9 | AK85: =All_India_Index_Upto_April23__1___1[[#This Row],[Clothing]]+All_India_Index_Upto_April23__1___1[[#This Row],[Footwear]] -> 245.5 | AL85: =All_India_Index_Upto_April23__1___1[[#This Row],[Miscellaneous]]+All_India_Index_Upto_April23__1___1[[#This Row],[Personal care and effects]]+All_India_Index_Upto_April23__1___1[[#This Row],[Education]]+All_India_Index_Upto_April23__1___1[[#This Row],[Recreation and amusement]] -> 463.7 | AM85: =SUM(All_India_Index_Upto_April23__1___1[[#This Row],[Sum of others]],All_India_Index_Upto_April23__1___1[[#This Row],[Sum of clothing]],All_India_Index_Upto_April23__1___1[[#This Row],[Sum of Housing Exp]],All_India_Index_Upto_April23__1___1[[#This Row],[Sum of food expenses]],All_India_Index_Upto_April23__1___1[[#This Row],[Transport and communication]],All_India_Index_Upto_April23__1___1[[#This Row],[Health]],All_India_Index_Upto_April23__1___1[[#This Row],[Fuel and light]]) -> 2996.6
A86: Rural | B86: 2015 | C86: May | D86: =TEXT(DATE(B86, MONTH(1&C86), 1), "mmm-yy") -> May-15 | E86: 123.5 | F86: 127.1 | G86: 117.3 | H86: 127.7 | I86: 112.5 | J86: 134.1 | K86: 128.5 | L86: 124.3 | M86: 97.6 | N86: 120.7 | O86: 120.2 | P86: 129.8 | Q86: 124.4 | R86: 126.7 | S86: 127.3 | T86: 124.1 | U86: 126.8 | V86: ='Handle Missing Value Sheet only'!$F$5 -> 139.27097 | W86: 121.9 | X86: 121.5 | Y86: 119.4 | Z86: 113.3 | AA86: 116.7 | AB86: 120.5 | AC86: 112.3 | AD86: 116.9 | AE86: 122.4 | AF86: =AVERAGE(All_India_Index_Upto_April23__1___1[[#This Row],[Cereals and products]:[Pan, tobacco and intoxicants]]) -> 122.45714 | AG86: =AVERAGE(All_India_Index_Upto_April23__1___1[[#This Row],[Household goods and services]],All_India_Index_Upto_April23__1___1[[#This Row],[Housing]]) -> 130.38548 | AH86: =AVERAGE(All_India_Index_Upto_April23__1___1[[#This Row],[Miscellaneous]],All_India_Index_Upto_April23__1___1[[#This Row],[Personal care and effects]],All_India_Index_Upto_April23__1___1[[#This Row],[Education]],All_India_Index_Upto_April23__1___1[[#This Row],[Recreation and amusement]]) -> 116.6 | AI86: =SUM(All_India_Index_Upto_April23__1___1[[#This Row],[Cereals and products]:[Pan, tobacco and intoxicants]]) -> 1714.4 | AJ86: =SUM(All_India_Index_Upto_April23__1___1[[#This Row],[Household goods and services]],All_India_Index_Upto_April23__1___1[[#This Row],[Housing]]) -> 260.77097 | AK86: =All_India_Index_Upto_April23__1___1[[#This Row],[Clothing]]+All_India_Index_Upto_April23__1___1[[#This Row],[Footwear]] -> 251.4 | AL86: =All_India_Index_Upto_April23__1___1[[#This Row],[Miscellaneous]]+All_India_Index_Upto_April23__1___1[[#This Row],[Personal care and effects]]+All_India_Index_Upto_April23__1___1[[#This Row],[Education]]+All_India_Index_Upto_April23__1___1[[#This Row],[Recreation and amusement]] -> 466.4 | AM86: =SUM(All_India_Index_Upto_April23__1___1[[#This Row],[Sum of others]],All_India_Index_Upto_April23__1___1[[#This Row],[Sum of clothing]],All_India_Index_Upto_April23__1___1[[#This Row],[Sum of Housing Exp]],All_India_Index_Upto_April23__1___1[[#This Row],[Sum of food expenses]],All_India_Index_Upto_April23__1___1[[#This Row],[Transport and communication]],All_India_Index_Upto_April23__1___1[[#This Row],[Health]],All_India_Index_Upto_April23__1___1[[#This Row],[Fuel and light]]) -> 3047.571
A87: Urban | B87: 2015 | C87: May | D87: =TEXT(DATE(B87, MONTH(1&C87), 1), "mmm-yy") -> May-15 | E87: 123.8 | F87: 129.7 | G87: 111.3 | H87: 126.6 | I87: 105.2 | J87: 130.8 | K87: 135.6 | L87: 142.6 | M87: 90.8 | N87: 128.8 | O87: 117.7 | P87: 129.9 | Q87: 126.1 | R87: 131.3 | S87: 122.4 | T87: 117.4 | U87: 121.6 | V87: 119.6 | W87: 114.9 | X87: 118.7 | Y87: 114.9 | Z87: 110.8 | AA87: 116 | AB87: 122 | AC87: 112.4 | AD87: 115.2 | AE87: 120.7 | AF87: =AVERAGE(All_India_Index_Upto_April23__1___1[[#This Row],[Cereals and products]:[Pan, tobacco and intoxicants]]) -> 123.58571 | AG87: =AVERAGE(All_India_Index_Upto_April23__1___1[[#This Row],[Household goods and services]],All_India_Index_Upto_April23__1___1[[#This Row],[Housing]]) -> 119.15 | AH87: =AVERAGE(All_India_Index_Upto_April23__1___1[[#This Row],[Miscellaneous]],All_India_Index_Upto_April23__1___1[[#This Row],[Personal care and effects]],All_India_Index_Upto_April23__1___1[[#This Row],[Education]],All_India_Index_Upto_April23__1___1[[#This Row],[Recreation and amusement]]) -> 116.4 | AI87: =SUM(All_India_Index_Upto_April23__1___1[[#This Row],[Cereals and products]:[Pan, tobacco and intoxicants]]) -> 1730.2 | AJ87: =SUM(All_India_Index_Upto_April23__1___1[[#This Row],[Household goods and services]],All_India_Index_Upto_April23__1___1[[#This Row],[Housing]]) -> 238.3 | AK87: =All_India_Index_Upto_April23__1___1[[#This Row],[Clothing]]+All_India_Index_Upto_April23__1___1[[#This Row],[Footwear]] -> 239.8 | AL87: =All_India_Index_Upto_April23__1___1[[#This Row],[Miscellaneous]]+All_India_Index_Upto_April23__1___1[[#This Row],[Personal care and effects]]+All_India_Index_Upto_April23__1___1[[#This Row],[Education]]+All_India_Index_Upto_April23__1___1[[#This Row],[Recreation and amusement]] -> 465.6 | AM87: =SUM(All_India_Index_Upto_April23__1___1[[#This Row],[Sum of others]],All_India_Index_Upto_April23__1___1[[#This Row],[Sum of clothing]],All_India_Index_Upto_April23__1___1[[#This Row],[Sum of Housing Exp]],All_India_Index_Upto_April23__1___1[[#This Row],[Sum of food expenses]],All_India_Index_Upto_April23__1___1[[#This Row],[Transport and communication]],All_India_Index_Upto_April23__1___1[[#This Row],[Health]],All_India_Index_Upto_April23__1___1[[#This Row],[Fuel and light]]) -> 3014.5
